ticker,event_date,side,threshold,score,hold_type,hold_value,stop_loss,profit_target,entry_ts,exit_ts,entry_px,exit_px,stock_ret,market_ret,excess_ret,exit_reason,side_label
NVDA,2025-02-26,-1,0.5,-0.6925905387878948,intraday,5,,,2025-02-27 09:30:00,2025-02-27 09:35:00,135.0,130.1398,0.03600148148148141,0.0005864119963139292,0.03541506948516748,time_exit,short
NVDA,2025-02-26,-1,0.5,-0.6925905387878948,intraday,5,,0.01,2025-02-27 09:30:00,2025-02-27 09:30:00,135.0,133.65,0.010000000000000009,0.00040211108318666255,0.009597888916813346,profit_target,short
NVDA,2025-02-26,-1,0.5,-0.6925905387878948,intraday,5,,0.03,2025-02-27 09:30:00,2025-02-27 09:35:00,135.0,130.95,0.030000000000000138,0.0005864119963139292,0.02941358800368621,profit_target,short
NVDA,2025-02-26,-1,0.5,-0.6925905387878948,intraday,5,,0.05,2025-02-27 09:30:00,2025-02-27 09:35:00,135.0,130.1398,0.03600148148148141,0.0005864119963139292,0.03541506948516748,time_exit,short
NVDA,2025-02-26,-1,0.5,-0.6925905387878948,intraday,5,,0.1,2025-02-27 09:30:00,2025-02-27 09:35:00,135.0,130.1398,0.03600148148148141,0.0005864119963139292,0.03541506948516748,time_exit,short
NVDA,2025-02-26,-1,0.5,-0.6925905387878948,intraday,5,,0.2,2025-02-27 09:30:00,2025-02-27 09:35:00,135.0,130.1398,0.03600148148148141,0.0005864119963139292,0.03541506948516748,time_exit,short
NVDA,2025-02-26,-1,0.5,-0.6925905387878948,intraday,5,0.01,,2025-02-27 09:30:00,2025-02-27 09:35:00,135.0,130.1398,0.03600148148148141,0.0005864119963139292,0.03541506948516748,time_exit,short
NVDA,2025-02-26,-1,0.5,-0.6925905387878948,intraday,5,0.01,0.01,2025-02-27 09:30:00,2025-02-27 09:30:00,135.0,133.65,0.010000000000000009,0.00040211108318666255,0.009597888916813346,profit_target,short
NVDA,2025-02-26,-1,0.5,-0.6925905387878948,intraday,5,0.01,0.03,2025-02-27 09:30:00,2025-02-27 09:35:00,135.0,130.95,0.030000000000000138,0.0005864119963139292,0.02941358800368621,profit_target,short
NVDA,2025-02-26,-1,0.5,-0.6925905387878948,intraday,5,0.01,0.05,2025-02-27 09:30:00,2025-02-27 09:35:00,135.0,130.1398,0.03600148148148141,0.0005864119963139292,0.03541506948516748,time_exit,short
NVDA,2025-02-26,-1,0.5,-0.6925905387878948,intraday,5,0.01,0.1,2025-02-27 09:30:00,2025-02-27 09:35:00,135.0,130.1398,0.03600148148148141,0.0005864119963139292,0.03541506948516748,time_exit,short
NVDA,2025-02-26,-1,0.5,-0.6925905387878948,intraday,5,0.01,0.2,2025-02-27 09:30:00,2025-02-27 09:35:00,135.0,130.1398,0.03600148148148141,0.0005864119963139292,0.03541506948516748,time_exit,short
NVDA,2025-02-26,-1,0.5,-0.6925905387878948,intraday,5,0.03,,2025-02-27 09:30:00,2025-02-27 09:35:00,135.0,130.1398,0.03600148148148141,0.0005864119963139292,0.03541506948516748,time_exit,short
NVDA,2025-02-26,-1,0.5,-0.6925905387878948,intraday,5,0.03,0.01,2025-02-27 09:30:00,2025-02-27 09:30:00,135.0,133.65,0.010000000000000009,0.00040211108318666255,0.009597888916813346,profit_target,short
NVDA,2025-02-26,-1,0.5,-0.6925905387878948,intraday,5,0.03,0.03,2025-02-27 09:30:00,2025-02-27 09:35:00,135.0,130.95,0.030000000000000138,0.0005864119963139292,0.02941358800368621,profit_target,short
NVDA,2025-02-26,-1,0.5,-0.6925905387878948,intraday,5,0.03,0.05,2025-02-27 09:30:00,2025-02-27 09:35:00,135.0,130.1398,0.03600148148148141,0.0005864119963139292,0.03541506948516748,time_exit,short
NVDA,2025-02-26,-1,0.5,-0.6925905387878948,intraday,5,0.03,0.1,2025-02-27 09:30:00,2025-02-27 09:35:00,135.0,130.1398,0.03600148148148141,0.0005864119963139292,0.03541506948516748,time_exit,short
NVDA,2025-02-26,-1,0.5,-0.6925905387878948,intraday,5,0.03,0.2,2025-02-27 09:30:00,2025-02-27 09:35:00,135.0,130.1398,0.03600148148148141,0.0005864119963139292,0.03541506948516748,time_exit,short
NVDA,2025-02-26,-1,0.5,-0.6925905387878948,intraday,5,0.05,,2025-02-27 09:30:00,2025-02-27 09:35:00,135.0,130.1398,0.03600148148148141,0.0005864119963139292,0.03541506948516748,time_exit,short
NVDA,2025-02-26,-1,0.5,-0.6925905387878948,intraday,5,0.05,0.01,2025-02-27 09:30:00,2025-02-27 09:30:00,135.0,133.65,0.010000000000000009,0.00040211108318666255,0.009597888916813346,profit_target,short
NVDA,2025-02-26,-1,0.5,-0.6925905387878948,intraday,5,0.05,0.03,2025-02-27 09:30:00,2025-02-27 09:35:00,135.0,130.95,0.030000000000000138,0.0005864119963139292,0.02941358800368621,profit_target,short
NVDA,2025-02-26,-1,0.5,-0.6925905387878948,intraday,5,0.05,0.05,2025-02-27 09:30:00,2025-02-27 09:35:00,135.0,130.1398,0.03600148148148141,0.0005864119963139292,0.03541506948516748,time_exit,short
NVDA,2025-02-26,-1,0.5,-0.6925905387878948,intraday,5,0.05,0.1,2025-02-27 09:30:00,2025-02-27 09:35:00,135.0,130.1398,0.03600148148148141,0.0005864119963139292,0.03541506948516748,time_exit,short
NVDA,2025-02-26,-1,0.5,-0.6925905387878948,intraday,5,0.05,0.2,2025-02-27 09:30:00,2025-02-27 09:35:00,135.0,130.1398,0.03600148148148141,0.0005864119963139292,0.03541506948516748,time_exit,short
NVDA,2025-02-26,-1,0.5,-0.6925905387878948,intraday,5,0.1,,2025-02-27 09:30:00,2025-02-27 09:35:00,135.0,130.1398,0.03600148148148141,0.0005864119963139292,0.03541506948516748,time_exit,short
NVDA,2025-02-26,-1,0.5,-0.6925905387878948,intraday,5,0.1,0.01,2025-02-27 09:30:00,2025-02-27 09:30:00,135.0,133.65,0.010000000000000009,0.00040211108318666255,0.009597888916813346,profit_target,short
NVDA,2025-02-26,-1,0.5,-0.6925905387878948,intraday,5,0.1,0.03,2025-02-27 09:30:00,2025-02-27 09:35:00,135.0,130.95,0.030000000000000138,0.0005864119963139292,0.02941358800368621,profit_target,short
NVDA,2025-02-26,-1,0.5,-0.6925905387878948,intraday,5,0.1,0.05,2025-02-27 09:30:00,2025-02-27 09:35:00,135.0,130.1398,0.03600148148148141,0.0005864119963139292,0.03541506948516748,time_exit,short
NVDA,2025-02-26,-1,0.5,-0.6925905387878948,intraday,5,0.1,0.1,2025-02-27 09:30:00,2025-02-27 09:35:00,135.0,130.1398,0.03600148148148141,0.0005864119963139292,0.03541506948516748,time_exit,short
NVDA,2025-02-26,-1,0.5,-0.6925905387878948,intraday,5,0.1,0.2,2025-02-27 09:30:00,2025-02-27 09:35:00,135.0,130.1398,0.03600148148148141,0.0005864119963139292,0.03541506948516748,time_exit,short
NVDA,2025-02-26,-1,0.5,-0.6925905387878948,intraday,5,0.2,,2025-02-27 09:30:00,2025-02-27 09:35:00,135.0,130.1398,0.03600148148148141,0.0005864119963139292,0.03541506948516748,time_exit,short
NVDA,2025-02-26,-1,0.5,-0.6925905387878948,intraday,5,0.2,0.01,2025-02-27 09:30:00,2025-02-27 09:30:00,135.0,133.65,0.010000000000000009,0.00040211108318666255,0.009597888916813346,profit_target,short
NVDA,2025-02-26,-1,0.5,-0.6925905387878948,intraday,5,0.2,0.03,2025-02-27 09:30:00,2025-02-27 09:35:00,135.0,130.95,0.030000000000000138,0.0005864119963139292,0.02941358800368621,profit_target,short
NVDA,2025-02-26,-1,0.5,-0.6925905387878948,intraday,5,0.2,0.05,2025-02-27 09:30:00,2025-02-27 09:35:00,135.0,130.1398,0.03600148148148141,0.0005864119963139292,0.03541506948516748,time_exit,short
NVDA,2025-02-26,-1,0.5,-0.6925905387878948,intraday,5,0.2,0.1,2025-02-27 09:30:00,2025-02-27 09:35:00,135.0,130.1398,0.03600148148148141,0.0005864119963139292,0.03541506948516748,time_exit,short
NVDA,2025-02-26,-1,0.5,-0.6925905387878948,intraday,5,0.2,0.2,2025-02-27 09:30:00,2025-02-27 09:35:00,135.0,130.1398,0.03600148148148141,0.0005864119963139292,0.03541506948516748,time_exit,short
NVDA,2025-02-26,-1,0.5,-0.6925905387878948,intraday,15,,,2025-02-27 09:30:00,2025-02-27 09:45:00,135.0,129.49,0.04081481481481475,-0.0021781017005949588,0.04299291651540971,time_exit,short
NVDA,2025-02-26,-1,0.5,-0.6925905387878948,intraday,15,,0.01,2025-02-27 09:30:00,2025-02-27 09:30:00,135.0,133.65,0.010000000000000009,0.00040211108318666255,0.009597888916813346,profit_target,short
NVDA,2025-02-26,-1,0.5,-0.6925905387878948,intraday,15,,0.03,2025-02-27 09:30:00,2025-02-27 09:35:00,135.0,130.95,0.030000000000000138,0.0005864119963139292,0.02941358800368621,profit_target,short
NVDA,2025-02-26,-1,0.5,-0.6925905387878948,intraday,15,,0.05,2025-02-27 09:30:00,2025-02-27 09:45:00,135.0,129.49,0.04081481481481475,-0.0021781017005949588,0.04299291651540971,time_exit,short
NVDA,2025-02-26,-1,0.5,-0.6925905387878948,intraday,15,,0.1,2025-02-27 09:30:00,2025-02-27 09:45:00,135.0,129.49,0.04081481481481475,-0.0021781017005949588,0.04299291651540971,time_exit,short
NVDA,2025-02-26,-1,0.5,-0.6925905387878948,intraday,15,,0.2,2025-02-27 09:30:00,2025-02-27 09:45:00,135.0,129.49,0.04081481481481475,-0.0021781017005949588,0.04299291651540971,time_exit,short
NVDA,2025-02-26,-1,0.5,-0.6925905387878948,intraday,15,0.01,,2025-02-27 09:30:00,2025-02-27 09:45:00,135.0,129.49,0.04081481481481475,-0.0021781017005949588,0.04299291651540971,time_exit,short
NVDA,2025-02-26,-1,0.5,-0.6925905387878948,intraday,15,0.01,0.01,2025-02-27 09:30:00,2025-02-27 09:30:00,135.0,133.65,0.010000000000000009,0.00040211108318666255,0.009597888916813346,profit_target,short
NVDA,2025-02-26,-1,0.5,-0.6925905387878948,intraday,15,0.01,0.03,2025-02-27 09:30:00,2025-02-27 09:35:00,135.0,130.95,0.030000000000000138,0.0005864119963139292,0.02941358800368621,profit_target,short
NVDA,2025-02-26,-1,0.5,-0.6925905387878948,intraday,15,0.01,0.05,2025-02-27 09:30:00,2025-02-27 09:45:00,135.0,129.49,0.04081481481481475,-0.0021781017005949588,0.04299291651540971,time_exit,short
NVDA,2025-02-26,-1,0.5,-0.6925905387878948,intraday,15,0.01,0.1,2025-02-27 09:30:00,2025-02-27 09:45:00,135.0,129.49,0.04081481481481475,-0.0021781017005949588,0.04299291651540971,time_exit,short
NVDA,2025-02-26,-1,0.5,-0.6925905387878948,intraday,15,0.01,0.2,2025-02-27 09:30:00,2025-02-27 09:45:00,135.0,129.49,0.04081481481481475,-0.0021781017005949588,0.04299291651540971,time_exit,short
NVDA,2025-02-26,-1,0.5,-0.6925905387878948,intraday,15,0.03,,2025-02-27 09:30:00,2025-02-27 09:45:00,135.0,129.49,0.04081481481481475,-0.0021781017005949588,0.04299291651540971,time_exit,short
NVDA,2025-02-26,-1,0.5,-0.6925905387878948,intraday,15,0.03,0.01,2025-02-27 09:30:00,2025-02-27 09:30:00,135.0,133.65,0.010000000000000009,0.00040211108318666255,0.009597888916813346,profit_target,short
NVDA,2025-02-26,-1,0.5,-0.6925905387878948,intraday,15,0.03,0.03,2025-02-27 09:30:00,2025-02-27 09:35:00,135.0,130.95,0.030000000000000138,0.0005864119963139292,0.02941358800368621,profit_target,short
NVDA,2025-02-26,-1,0.5,-0.6925905387878948,intraday,15,0.03,0.05,2025-02-27 09:30:00,2025-02-27 09:45:00,135.0,129.49,0.04081481481481475,-0.0021781017005949588,0.04299291651540971,time_exit,short
NVDA,2025-02-26,-1,0.5,-0.6925905387878948,intraday,15,0.03,0.1,2025-02-27 09:30:00,2025-02-27 09:45:00,135.0,129.49,0.04081481481481475,-0.0021781017005949588,0.04299291651540971,time_exit,short
NVDA,2025-02-26,-1,0.5,-0.6925905387878948,intraday,15,0.03,0.2,2025-02-27 09:30:00,2025-02-27 09:45:00,135.0,129.49,0.04081481481481475,-0.0021781017005949588,0.04299291651540971,time_exit,short
NVDA,2025-02-26,-1,0.5,-0.6925905387878948,intraday,15,0.05,,2025-02-27 09:30:00,2025-02-27 09:45:00,135.0,129.49,0.04081481481481475,-0.0021781017005949588,0.04299291651540971,time_exit,short
NVDA,2025-02-26,-1,0.5,-0.6925905387878948,intraday,15,0.05,0.01,2025-02-27 09:30:00,2025-02-27 09:30:00,135.0,133.65,0.010000000000000009,0.00040211108318666255,0.009597888916813346,profit_target,short
NVDA,2025-02-26,-1,0.5,-0.6925905387878948,intraday,15,0.05,0.03,2025-02-27 09:30:00,2025-02-27 09:35:00,135.0,130.95,0.030000000000000138,0.0005864119963139292,0.02941358800368621,profit_target,short
NVDA,2025-02-26,-1,0.5,-0.6925905387878948,intraday,15,0.05,0.05,2025-02-27 09:30:00,2025-02-27 09:45:00,135.0,129.49,0.04081481481481475,-0.0021781017005949588,0.04299291651540971,time_exit,short
NVDA,2025-02-26,-1,0.5,-0.6925905387878948,intraday,15,0.05,0.1,2025-02-27 09:30:00,2025-02-27 09:45:00,135.0,129.49,0.04081481481481475,-0.0021781017005949588,0.04299291651540971,time_exit,short
NVDA,2025-02-26,-1,0.5,-0.6925905387878948,intraday,15,0.05,0.2,2025-02-27 09:30:00,2025-02-27 09:45:00,135.0,129.49,0.04081481481481475,-0.0021781017005949588,0.04299291651540971,time_exit,short
NVDA,2025-02-26,-1,0.5,-0.6925905387878948,intraday,15,0.1,,2025-02-27 09:30:00,2025-02-27 09:45:00,135.0,129.49,0.04081481481481475,-0.0021781017005949588,0.04299291651540971,time_exit,short
NVDA,2025-02-26,-1,0.5,-0.6925905387878948,intraday,15,0.1,0.01,2025-02-27 09:30:00,2025-02-27 09:30:00,135.0,133.65,0.010000000000000009,0.00040211108318666255,0.009597888916813346,profit_target,short
NVDA,2025-02-26,-1,0.5,-0.6925905387878948,intraday,15,0.1,0.03,2025-02-27 09:30:00,2025-02-27 09:35:00,135.0,130.95,0.030000000000000138,0.0005864119963139292,0.02941358800368621,profit_target,short
NVDA,2025-02-26,-1,0.5,-0.6925905387878948,intraday,15,0.1,0.05,2025-02-27 09:30:00,2025-02-27 09:45:00,135.0,129.49,0.04081481481481475,-0.0021781017005949588,0.04299291651540971,time_exit,short
NVDA,2025-02-26,-1,0.5,-0.6925905387878948,intraday,15,0.1,0.1,2025-02-27 09:30:00,2025-02-27 09:45:00,135.0,129.49,0.04081481481481475,-0.0021781017005949588,0.04299291651540971,time_exit,short
NVDA,2025-02-26,-1,0.5,-0.6925905387878948,intraday,15,0.1,0.2,2025-02-27 09:30:00,2025-02-27 09:45:00,135.0,129.49,0.04081481481481475,-0.0021781017005949588,0.04299291651540971,time_exit,short
NVDA,2025-02-26,-1,0.5,-0.6925905387878948,intraday,15,0.2,,2025-02-27 09:30:00,2025-02-27 09:45:00,135.0,129.49,0.04081481481481475,-0.0021781017005949588,0.04299291651540971,time_exit,short
NVDA,2025-02-26,-1,0.5,-0.6925905387878948,intraday,15,0.2,0.01,2025-02-27 09:30:00,2025-02-27 09:30:00,135.0,133.65,0.010000000000000009,0.00040211108318666255,0.009597888916813346,profit_target,short
NVDA,2025-02-26,-1,0.5,-0.6925905387878948,intraday,15,0.2,0.03,2025-02-27 09:30:00,2025-02-27 09:35:00,135.0,130.95,0.030000000000000138,0.0005864119963139292,0.02941358800368621,profit_target,short
NVDA,2025-02-26,-1,0.5,-0.6925905387878948,intraday,15,0.2,0.05,2025-02-27 09:30:00,2025-02-27 09:45:00,135.0,129.49,0.04081481481481475,-0.0021781017005949588,0.04299291651540971,time_exit,short
NVDA,2025-02-26,-1,0.5,-0.6925905387878948,intraday,15,0.2,0.1,2025-02-27 09:30:00,2025-02-27 09:45:00,135.0,129.49,0.04081481481481475,-0.0021781017005949588,0.04299291651540971,time_exit,short
NVDA,2025-02-26,-1,0.5,-0.6925905387878948,intraday,15,0.2,0.2,2025-02-27 09:30:00,2025-02-27 09:45:00,135.0,129.49,0.04081481481481475,-0.0021781017005949588,0.04299291651540971,time_exit,short
NVDA,2025-02-26,-1,0.5,-0.6925905387878948,intraday,30,,,2025-02-27 09:30:00,2025-02-27 10:00:00,135.0,126.9199,0.05985259259259257,-0.008327050347658571,0.06817964294025114,time_exit,short
NVDA,2025-02-26,-1,0.5,-0.6925905387878948,intraday,30,,0.01,2025-02-27 09:30:00,2025-02-27 09:30:00,135.0,133.65,0.010000000000000009,0.00040211108318666255,0.009597888916813346,profit_target,short
NVDA,2025-02-26,-1,0.5,-0.6925905387878948,intraday,30,,0.03,2025-02-27 09:30:00,2025-02-27 09:35:00,135.0,130.95,0.030000000000000138,0.0005864119963139292,0.02941358800368621,profit_target,short
NVDA,2025-02-26,-1,0.5,-0.6925905387878948,intraday,30,,0.05,2025-02-27 09:30:00,2025-02-27 09:50:00,135.0,128.25,0.050000000000000044,-0.005193934824495261,0.055193934824495305,profit_target,short
NVDA,2025-02-26,-1,0.5,-0.6925905387878948,intraday,30,,0.1,2025-02-27 09:30:00,2025-02-27 10:00:00,135.0,126.9199,0.05985259259259257,-0.008327050347658571,0.06817964294025114,time_exit,short
NVDA,2025-02-26,-1,0.5,-0.6925905387878948,intraday,30,,0.2,2025-02-27 09:30:00,2025-02-27 10:00:00,135.0,126.9199,0.05985259259259257,-0.008327050347658571,0.06817964294025114,time_exit,short
NVDA,2025-02-26,-1,0.5,-0.6925905387878948,intraday,30,0.01,,2025-02-27 09:30:00,2025-02-27 10:00:00,135.0,126.9199,0.05985259259259257,-0.008327050347658571,0.06817964294025114,time_exit,short
NVDA,2025-02-26,-1,0.5,-0.6925905387878948,intraday,30,0.01,0.01,2025-02-27 09:30:00,2025-02-27 09:30:00,135.0,133.65,0.010000000000000009,0.00040211108318666255,0.009597888916813346,profit_target,short
NVDA,2025-02-26,-1,0.5,-0.6925905387878948,intraday,30,0.01,0.03,2025-02-27 09:30:00,2025-02-27 09:35:00,135.0,130.95,0.030000000000000138,0.0005864119963139292,0.02941358800368621,profit_target,short
NVDA,2025-02-26,-1,0.5,-0.6925905387878948,intraday,30,0.01,0.05,2025-02-27 09:30:00,2025-02-27 09:50:00,135.0,128.25,0.050000000000000044,-0.005193934824495261,0.055193934824495305,profit_target,short
NVDA,2025-02-26,-1,0.5,-0.6925905387878948,intraday,30,0.01,0.1,2025-02-27 09:30:00,2025-02-27 10:00:00,135.0,126.9199,0.05985259259259257,-0.008327050347658571,0.06817964294025114,time_exit,short
NVDA,2025-02-26,-1,0.5,-0.6925905387878948,intraday,30,0.01,0.2,2025-02-27 09:30:00,2025-02-27 10:00:00,135.0,126.9199,0.05985259259259257,-0.008327050347658571,0.06817964294025114,time_exit,short
NVDA,2025-02-26,-1,0.5,-0.6925905387878948,intraday,30,0.03,,2025-02-27 09:30:00,2025-02-27 10:00:00,135.0,126.9199,0.05985259259259257,-0.008327050347658571,0.06817964294025114,time_exit,short
NVDA,2025-02-26,-1,0.5,-0.6925905387878948,intraday,30,0.03,0.01,2025-02-27 09:30:00,2025-02-27 09:30:00,135.0,133.65,0.010000000000000009,0.00040211108318666255,0.009597888916813346,profit_target,short
NVDA,2025-02-26,-1,0.5,-0.6925905387878948,intraday,30,0.03,0.03,2025-02-27 09:30:00,2025-02-27 09:35:00,135.0,130.95,0.030000000000000138,0.0005864119963139292,0.02941358800368621,profit_target,short
NVDA,2025-02-26,-1,0.5,-0.6925905387878948,intraday,30,0.03,0.05,2025-02-27 09:30:00,2025-02-27 09:50:00,135.0,128.25,0.050000000000000044,-0.005193934824495261,0.055193934824495305,profit_target,short
NVDA,2025-02-26,-1,0.5,-0.6925905387878948,intraday,30,0.03,0.1,2025-02-27 09:30:00,2025-02-27 10:00:00,135.0,126.9199,0.05985259259259257,-0.008327050347658571,0.06817964294025114,time_exit,short
NVDA,2025-02-26,-1,0.5,-0.6925905387878948,intraday,30,0.03,0.2,2025-02-27 09:30:00,2025-02-27 10:00:00,135.0,126.9199,0.05985259259259257,-0.008327050347658571,0.06817964294025114,time_exit,short
NVDA,2025-02-26,-1,0.5,-0.6925905387878948,intraday,30,0.05,,2025-02-27 09:30:00,2025-02-27 10:00:00,135.0,126.9199,0.05985259259259257,-0.008327050347658571,0.06817964294025114,time_exit,short
NVDA,2025-02-26,-1,0.5,-0.6925905387878948,intraday,30,0.05,0.01,2025-02-27 09:30:00,2025-02-27 09:30:00,135.0,133.65,0.010000000000000009,0.00040211108318666255,0.009597888916813346,profit_target,short
NVDA,2025-02-26,-1,0.5,-0.6925905387878948,intraday,30,0.05,0.03,2025-02-27 09:30:00,2025-02-27 09:35:00,135.0,130.95,0.030000000000000138,0.0005864119963139292,0.02941358800368621,profit_target,short
NVDA,2025-02-26,-1,0.5,-0.6925905387878948,intraday,30,0.05,0.05,2025-02-27 09:30:00,2025-02-27 09:50:00,135.0,128.25,0.050000000000000044,-0.005193934824495261,0.055193934824495305,profit_target,short
NVDA,2025-02-26,-1,0.5,-0.6925905387878948,intraday,30,0.05,0.1,2025-02-27 09:30:00,2025-02-27 10:00:00,135.0,126.9199,0.05985259259259257,-0.008327050347658571,0.06817964294025114,time_exit,short
NVDA,2025-02-26,-1,0.5,-0.6925905387878948,intraday,30,0.05,0.2,2025-02-27 09:30:00,2025-02-27 10:00:00,135.0,126.9199,0.05985259259259257,-0.008327050347658571,0.06817964294025114,time_exit,short
NVDA,2025-02-26,-1,0.5,-0.6925905387878948,intraday,30,0.1,,2025-02-27 09:30:00,2025-02-27 10:00:00,135.0,126.9199,0.05985259259259257,-0.008327050347658571,0.06817964294025114,time_exit,short
NVDA,2025-02-26,-1,0.5,-0.6925905387878948,intraday,30,0.1,0.01,2025-02-27 09:30:00,2025-02-27 09:30:00,135.0,133.65,0.010000000000000009,0.00040211108318666255,0.009597888916813346,profit_target,short
NVDA,2025-02-26,-1,0.5,-0.6925905387878948,intraday,30,0.1,0.03,2025-02-27 09:30:00,2025-02-27 09:35:00,135.0,130.95,0.030000000000000138,0.0005864119963139292,0.02941358800368621,profit_target,short
NVDA,2025-02-26,-1,0.5,-0.6925905387878948,intraday,30,0.1,0.05,2025-02-27 09:30:00,2025-02-27 09:50:00,135.0,128.25,0.050000000000000044,-0.005193934824495261,0.055193934824495305,profit_target,short
NVDA,2025-02-26,-1,0.5,-0.6925905387878948,intraday,30,0.1,0.1,2025-02-27 09:30:00,2025-02-27 10:00:00,135.0,126.9199,0.05985259259259257,-0.008327050347658571,0.06817964294025114,time_exit,short
NVDA,2025-02-26,-1,0.5,-0.6925905387878948,intraday,30,0.1,0.2,2025-02-27 09:30:00,2025-02-27 10:00:00,135.0,126.9199,0.05985259259259257,-0.008327050347658571,0.06817964294025114,time_exit,short
NVDA,2025-02-26,-1,0.5,-0.6925905387878948,intraday,30,0.2,,2025-02-27 09:30:00,2025-02-27 10:00:00,135.0,126.9199,0.05985259259259257,-0.008327050347658571,0.06817964294025114,time_exit,short
NVDA,2025-02-26,-1,0.5,-0.6925905387878948,intraday,30,0.2,0.01,2025-02-27 09:30:00,2025-02-27 09:30:00,135.0,133.65,0.010000000000000009,0.00040211108318666255,0.009597888916813346,profit_target,short
NVDA,2025-02-26,-1,0.5,-0.6925905387878948,intraday,30,0.2,0.03,2025-02-27 09:30:00,2025-02-27 09:35:00,135.0,130.95,0.030000000000000138,0.0005864119963139292,0.02941358800368621,profit_target,short
NVDA,2025-02-26,-1,0.5,-0.6925905387878948,intraday,30,0.2,0.05,2025-02-27 09:30:00,2025-02-27 09:50:00,135.0,128.25,0.050000000000000044,-0.005193934824495261,0.055193934824495305,profit_target,short
NVDA,2025-02-26,-1,0.5,-0.6925905387878948,intraday,30,0.2,0.1,2025-02-27 09:30:00,2025-02-27 10:00:00,135.0,126.9199,0.05985259259259257,-0.008327050347658571,0.06817964294025114,time_exit,short
NVDA,2025-02-26,-1,0.5,-0.6925905387878948,intraday,30,0.2,0.2,2025-02-27 09:30:00,2025-02-27 10:00:00,135.0,126.9199,0.05985259259259257,-0.008327050347658571,0.06817964294025114,time_exit,short
NVDA,2025-02-26,-1,0.5,-0.6925905387878948,intraday,60,,,2025-02-27 09:30:00,2025-02-27 10:30:00,135.0,126.42,0.06355555555555559,-0.004238921001926688,0.06779447655748227,time_exit,short
NVDA,2025-02-26,-1,0.5,-0.6925905387878948,intraday,60,,0.01,2025-02-27 09:30:00,2025-02-27 09:30:00,135.0,133.65,0.010000000000000009,0.00040211108318666255,0.009597888916813346,profit_target,short
NVDA,2025-02-26,-1,0.5,-0.6925905387878948,intraday,60,,0.03,2025-02-27 09:30:00,2025-02-27 09:35:00,135.0,130.95,0.030000000000000138,0.0005864119963139292,0.02941358800368621,profit_target,short
NVDA,2025-02-26,-1,0.5,-0.6925905387878948,intraday,60,,0.05,2025-02-27 09:30:00,2025-02-27 09:50:00,135.0,128.25,0.050000000000000044,-0.005193934824495261,0.055193934824495305,profit_target,short
NVDA,2025-02-26,-1,0.5,-0.6925905387878948,intraday,60,,0.1,2025-02-27 09:30:00,2025-02-27 10:30:00,135.0,126.42,0.06355555555555559,-0.004238921001926688,0.06779447655748227,time_exit,short
NVDA,2025-02-26,-1,0.5,-0.6925905387878948,intraday,60,,0.2,2025-02-27 09:30:00,2025-02-27 10:30:00,135.0,126.42,0.06355555555555559,-0.004238921001926688,0.06779447655748227,time_exit,short
NVDA,2025-02-26,-1,0.5,-0.6925905387878948,intraday,60,0.01,,2025-02-27 09:30:00,2025-02-27 10:30:00,135.0,126.42,0.06355555555555559,-0.004238921001926688,0.06779447655748227,time_exit,short
NVDA,2025-02-26,-1,0.5,-0.6925905387878948,intraday,60,0.01,0.01,2025-02-27 09:30:00,2025-02-27 09:30:00,135.0,133.65,0.010000000000000009,0.00040211108318666255,0.009597888916813346,profit_target,short
NVDA,2025-02-26,-1,0.5,-0.6925905387878948,intraday,60,0.01,0.03,2025-02-27 09:30:00,2025-02-27 09:35:00,135.0,130.95,0.030000000000000138,0.0005864119963139292,0.02941358800368621,profit_target,short
NVDA,2025-02-26,-1,0.5,-0.6925905387878948,intraday,60,0.01,0.05,2025-02-27 09:30:00,2025-02-27 09:50:00,135.0,128.25,0.050000000000000044,-0.005193934824495261,0.055193934824495305,profit_target,short
NVDA,2025-02-26,-1,0.5,-0.6925905387878948,intraday,60,0.01,0.1,2025-02-27 09:30:00,2025-02-27 10:30:00,135.0,126.42,0.06355555555555559,-0.004238921001926688,0.06779447655748227,time_exit,short
NVDA,2025-02-26,-1,0.5,-0.6925905387878948,intraday,60,0.01,0.2,2025-02-27 09:30:00,2025-02-27 10:30:00,135.0,126.42,0.06355555555555559,-0.004238921001926688,0.06779447655748227,time_exit,short
NVDA,2025-02-26,-1,0.5,-0.6925905387878948,intraday,60,0.03,,2025-02-27 09:30:00,2025-02-27 10:30:00,135.0,126.42,0.06355555555555559,-0.004238921001926688,0.06779447655748227,time_exit,short
NVDA,2025-02-26,-1,0.5,-0.6925905387878948,intraday,60,0.03,0.01,2025-02-27 09:30:00,2025-02-27 09:30:00,135.0,133.65,0.010000000000000009,0.00040211108318666255,0.009597888916813346,profit_target,short
NVDA,2025-02-26,-1,0.5,-0.6925905387878948,intraday,60,0.03,0.03,2025-02-27 09:30:00,2025-02-27 09:35:00,135.0,130.95,0.030000000000000138,0.0005864119963139292,0.02941358800368621,profit_target,short
NVDA,2025-02-26,-1,0.5,-0.6925905387878948,intraday,60,0.03,0.05,2025-02-27 09:30:00,2025-02-27 09:50:00,135.0,128.25,0.050000000000000044,-0.005193934824495261,0.055193934824495305,profit_target,short
NVDA,2025-02-26,-1,0.5,-0.6925905387878948,intraday,60,0.03,0.1,2025-02-27 09:30:00,2025-02-27 10:30:00,135.0,126.42,0.06355555555555559,-0.004238921001926688,0.06779447655748227,time_exit,short
NVDA,2025-02-26,-1,0.5,-0.6925905387878948,intraday,60,0.03,0.2,2025-02-27 09:30:00,2025-02-27 10:30:00,135.0,126.42,0.06355555555555559,-0.004238921001926688,0.06779447655748227,time_exit,short
NVDA,2025-02-26,-1,0.5,-0.6925905387878948,intraday,60,0.05,,2025-02-27 09:30:00,2025-02-27 10:30:00,135.0,126.42,0.06355555555555559,-0.004238921001926688,0.06779447655748227,time_exit,short
NVDA,2025-02-26,-1,0.5,-0.6925905387878948,intraday,60,0.05,0.01,2025-02-27 09:30:00,2025-02-27 09:30:00,135.0,133.65,0.010000000000000009,0.00040211108318666255,0.009597888916813346,profit_target,short
NVDA,2025-02-26,-1,0.5,-0.6925905387878948,intraday,60,0.05,0.03,2025-02-27 09:30:00,2025-02-27 09:35:00,135.0,130.95,0.030000000000000138,0.0005864119963139292,0.02941358800368621,profit_target,short
NVDA,2025-02-26,-1,0.5,-0.6925905387878948,intraday,60,0.05,0.05,2025-02-27 09:30:00,2025-02-27 09:50:00,135.0,128.25,0.050000000000000044,-0.005193934824495261,0.055193934824495305,profit_target,short
NVDA,2025-02-26,-1,0.5,-0.6925905387878948,intraday,60,0.05,0.1,2025-02-27 09:30:00,2025-02-27 10:30:00,135.0,126.42,0.06355555555555559,-0.004238921001926688,0.06779447655748227,time_exit,short
NVDA,2025-02-26,-1,0.5,-0.6925905387878948,intraday,60,0.05,0.2,2025-02-27 09:30:00,2025-02-27 10:30:00,135.0,126.42,0.06355555555555559,-0.004238921001926688,0.06779447655748227,time_exit,short
NVDA,2025-02-26,-1,0.5,-0.6925905387878948,intraday,60,0.1,,2025-02-27 09:30:00,2025-02-27 10:30:00,135.0,126.42,0.06355555555555559,-0.004238921001926688,0.06779447655748227,time_exit,short
NVDA,2025-02-26,-1,0.5,-0.6925905387878948,intraday,60,0.1,0.01,2025-02-27 09:30:00,2025-02-27 09:30:00,135.0,133.65,0.010000000000000009,0.00040211108318666255,0.009597888916813346,profit_target,short
NVDA,2025-02-26,-1,0.5,-0.6925905387878948,intraday,60,0.1,0.03,2025-02-27 09:30:00,2025-02-27 09:35:00,135.0,130.95,0.030000000000000138,0.0005864119963139292,0.02941358800368621,profit_target,short
NVDA,2025-02-26,-1,0.5,-0.6925905387878948,intraday,60,0.1,0.05,2025-02-27 09:30:00,2025-02-27 09:50:00,135.0,128.25,0.050000000000000044,-0.005193934824495261,0.055193934824495305,profit_target,short
NVDA,2025-02-26,-1,0.5,-0.6925905387878948,intraday,60,0.1,0.1,2025-02-27 09:30:00,2025-02-27 10:30:00,135.0,126.42,0.06355555555555559,-0.004238921001926688,0.06779447655748227,time_exit,short
NVDA,2025-02-26,-1,0.5,-0.6925905387878948,intraday,60,0.1,0.2,2025-02-27 09:30:00,2025-02-27 10:30:00,135.0,126.42,0.06355555555555559,-0.004238921001926688,0.06779447655748227,time_exit,short
NVDA,2025-02-26,-1,0.5,-0.6925905387878948,intraday,60,0.2,,2025-02-27 09:30:00,2025-02-27 10:30:00,135.0,126.42,0.06355555555555559,-0.004238921001926688,0.06779447655748227,time_exit,short
NVDA,2025-02-26,-1,0.5,-0.6925905387878948,intraday,60,0.2,0.01,2025-02-27 09:30:00,2025-02-27 09:30:00,135.0,133.65,0.010000000000000009,0.00040211108318666255,0.009597888916813346,profit_target,short
NVDA,2025-02-26,-1,0.5,-0.6925905387878948,intraday,60,0.2,0.03,2025-02-27 09:30:00,2025-02-27 09:35:00,135.0,130.95,0.030000000000000138,0.0005864119963139292,0.02941358800368621,profit_target,short
NVDA,2025-02-26,-1,0.5,-0.6925905387878948,intraday,60,0.2,0.05,2025-02-27 09:30:00,2025-02-27 09:50:00,135.0,128.25,0.050000000000000044,-0.005193934824495261,0.055193934824495305,profit_target,short
NVDA,2025-02-26,-1,0.5,-0.6925905387878948,intraday,60,0.2,0.1,2025-02-27 09:30:00,2025-02-27 10:30:00,135.0,126.42,0.06355555555555559,-0.004238921001926688,0.06779447655748227,time_exit,short
NVDA,2025-02-26,-1,0.5,-0.6925905387878948,intraday,60,0.2,0.2,2025-02-27 09:30:00,2025-02-27 10:30:00,135.0,126.42,0.06355555555555559,-0.004238921001926688,0.06779447655748227,time_exit,short
NVDA,2025-02-26,-1,0.5,-0.6925905387878948,intraday,120,,,2025-02-27 09:30:00,2025-02-27 11:30:00,135.0,126.9598,0.059557037037037075,-0.00368601826254511,0.06324305529958218,time_exit,short
NVDA,2025-02-26,-1,0.5,-0.6925905387878948,intraday,120,,0.01,2025-02-27 09:30:00,2025-02-27 09:30:00,135.0,133.65,0.010000000000000009,0.00040211108318666255,0.009597888916813346,profit_target,short
NVDA,2025-02-26,-1,0.5,-0.6925905387878948,intraday,120,,0.03,2025-02-27 09:30:00,2025-02-27 09:35:00,135.0,130.95,0.030000000000000138,0.0005864119963139292,0.02941358800368621,profit_target,short
NVDA,2025-02-26,-1,0.5,-0.6925905387878948,intraday,120,,0.05,2025-02-27 09:30:00,2025-02-27 09:50:00,135.0,128.25,0.050000000000000044,-0.005193934824495261,0.055193934824495305,profit_target,short
NVDA,2025-02-26,-1,0.5,-0.6925905387878948,intraday,120,,0.1,2025-02-27 09:30:00,2025-02-27 11:30:00,135.0,126.9598,0.059557037037037075,-0.00368601826254511,0.06324305529958218,time_exit,short
NVDA,2025-02-26,-1,0.5,-0.6925905387878948,intraday,120,,0.2,2025-02-27 09:30:00,2025-02-27 11:30:00,135.0,126.9598,0.059557037037037075,-0.00368601826254511,0.06324305529958218,time_exit,short
NVDA,2025-02-26,-1,0.5,-0.6925905387878948,intraday,120,0.01,,2025-02-27 09:30:00,2025-02-27 11:30:00,135.0,126.9598,0.059557037037037075,-0.00368601826254511,0.06324305529958218,time_exit,short
NVDA,2025-02-26,-1,0.5,-0.6925905387878948,intraday,120,0.01,0.01,2025-02-27 09:30:00,2025-02-27 09:30:00,135.0,133.65,0.010000000000000009,0.00040211108318666255,0.009597888916813346,profit_target,short
NVDA,2025-02-26,-1,0.5,-0.6925905387878948,intraday,120,0.01,0.03,2025-02-27 09:30:00,2025-02-27 09:35:00,135.0,130.95,0.030000000000000138,0.0005864119963139292,0.02941358800368621,profit_target,short
NVDA,2025-02-26,-1,0.5,-0.6925905387878948,intraday,120,0.01,0.05,2025-02-27 09:30:00,2025-02-27 09:50:00,135.0,128.25,0.050000000000000044,-0.005193934824495261,0.055193934824495305,profit_target,short
NVDA,2025-02-26,-1,0.5,-0.6925905387878948,intraday,120,0.01,0.1,2025-02-27 09:30:00,2025-02-27 11:30:00,135.0,126.9598,0.059557037037037075,-0.00368601826254511,0.06324305529958218,time_exit,short
NVDA,2025-02-26,-1,0.5,-0.6925905387878948,intraday,120,0.01,0.2,2025-02-27 09:30:00,2025-02-27 11:30:00,135.0,126.9598,0.059557037037037075,-0.00368601826254511,0.06324305529958218,time_exit,short
NVDA,2025-02-26,-1,0.5,-0.6925905387878948,intraday,120,0.03,,2025-02-27 09:30:00,2025-02-27 11:30:00,135.0,126.9598,0.059557037037037075,-0.00368601826254511,0.06324305529958218,time_exit,short
NVDA,2025-02-26,-1,0.5,-0.6925905387878948,intraday,120,0.03,0.01,2025-02-27 09:30:00,2025-02-27 09:30:00,135.0,133.65,0.010000000000000009,0.00040211108318666255,0.009597888916813346,profit_target,short
NVDA,2025-02-26,-1,0.5,-0.6925905387878948,intraday,120,0.03,0.03,2025-02-27 09:30:00,2025-02-27 09:35:00,135.0,130.95,0.030000000000000138,0.0005864119963139292,0.02941358800368621,profit_target,short
NVDA,2025-02-26,-1,0.5,-0.6925905387878948,intraday,120,0.03,0.05,2025-02-27 09:30:00,2025-02-27 09:50:00,135.0,128.25,0.050000000000000044,-0.005193934824495261,0.055193934824495305,profit_target,short
NVDA,2025-02-26,-1,0.5,-0.6925905387878948,intraday,120,0.03,0.1,2025-02-27 09:30:00,2025-02-27 11:30:00,135.0,126.9598,0.059557037037037075,-0.00368601826254511,0.06324305529958218,time_exit,short
NVDA,2025-02-26,-1,0.5,-0.6925905387878948,intraday,120,0.03,0.2,2025-02-27 09:30:00,2025-02-27 11:30:00,135.0,126.9598,0.059557037037037075,-0.00368601826254511,0.06324305529958218,time_exit,short
NVDA,2025-02-26,-1,0.5,-0.6925905387878948,intraday,120,0.05,,2025-02-27 09:30:00,2025-02-27 11:30:00,135.0,126.9598,0.059557037037037075,-0.00368601826254511,0.06324305529958218,time_exit,short
NVDA,2025-02-26,-1,0.5,-0.6925905387878948,intraday,120,0.05,0.01,2025-02-27 09:30:00,2025-02-27 09:30:00,135.0,133.65,0.010000000000000009,0.00040211108318666255,0.009597888916813346,profit_target,short
NVDA,2025-02-26,-1,0.5,-0.6925905387878948,intraday,120,0.05,0.03,2025-02-27 09:30:00,2025-02-27 09:35:00,135.0,130.95,0.030000000000000138,0.0005864119963139292,0.02941358800368621,profit_target,short
NVDA,2025-02-26,-1,0.5,-0.6925905387878948,intraday,120,0.05,0.05,2025-02-27 09:30:00,2025-02-27 09:50:00,135.0,128.25,0.050000000000000044,-0.005193934824495261,0.055193934824495305,profit_target,short
NVDA,2025-02-26,-1,0.5,-0.6925905387878948,intraday,120,0.05,0.1,2025-02-27 09:30:00,2025-02-27 11:30:00,135.0,126.9598,0.059557037037037075,-0.00368601826254511,0.06324305529958218,time_exit,short
NVDA,2025-02-26,-1,0.5,-0.6925905387878948,intraday,120,0.05,0.2,2025-02-27 09:30:00,2025-02-27 11:30:00,135.0,126.9598,0.059557037037037075,-0.00368601826254511,0.06324305529958218,time_exit,short
NVDA,2025-02-26,-1,0.5,-0.6925905387878948,intraday,120,0.1,,2025-02-27 09:30:00,2025-02-27 11:30:00,135.0,126.9598,0.059557037037037075,-0.00368601826254511,0.06324305529958218,time_exit,short
NVDA,2025-02-26,-1,0.5,-0.6925905387878948,intraday,120,0.1,0.01,2025-02-27 09:30:00,2025-02-27 09:30:00,135.0,133.65,0.010000000000000009,0.00040211108318666255,0.009597888916813346,profit_target,short
NVDA,2025-02-26,-1,0.5,-0.6925905387878948,intraday,120,0.1,0.03,2025-02-27 09:30:00,2025-02-27 09:35:00,135.0,130.95,0.030000000000000138,0.0005864119963139292,0.02941358800368621,profit_target,short
NVDA,2025-02-26,-1,0.5,-0.6925905387878948,intraday,120,0.1,0.05,2025-02-27 09:30:00,2025-02-27 09:50:00,135.0,128.25,0.050000000000000044,-0.005193934824495261,0.055193934824495305,profit_target,short
NVDA,2025-02-26,-1,0.5,-0.6925905387878948,intraday,120,0.1,0.1,2025-02-27 09:30:00,2025-02-27 11:30:00,135.0,126.9598,0.059557037037037075,-0.00368601826254511,0.06324305529958218,time_exit,short
NVDA,2025-02-26,-1,0.5,-0.6925905387878948,intraday,120,0.1,0.2,2025-02-27 09:30:00,2025-02-27 11:30:00,135.0,126.9598,0.059557037037037075,-0.00368601826254511,0.06324305529958218,time_exit,short
NVDA,2025-02-26,-1,0.5,-0.6925905387878948,intraday,120,0.2,,2025-02-27 09:30:00,2025-02-27 11:30:00,135.0,126.9598,0.059557037037037075,-0.00368601826254511,0.06324305529958218,time_exit,short
NVDA,2025-02-26,-1,0.5,-0.6925905387878948,intraday,120,0.2,0.01,2025-02-27 09:30:00,2025-02-27 09:30:00,135.0,133.65,0.010000000000000009,0.00040211108318666255,0.009597888916813346,profit_target,short
NVDA,2025-02-26,-1,0.5,-0.6925905387878948,intraday,120,0.2,0.03,2025-02-27 09:30:00,2025-02-27 09:35:00,135.0,130.95,0.030000000000000138,0.0005864119963139292,0.02941358800368621,profit_target,short
NVDA,2025-02-26,-1,0.5,-0.6925905387878948,intraday,120,0.2,0.05,2025-02-27 09:30:00,2025-02-27 09:50:00,135.0,128.25,0.050000000000000044,-0.005193934824495261,0.055193934824495305,profit_target,short
NVDA,2025-02-26,-1,0.5,-0.6925905387878948,intraday,120,0.2,0.1,2025-02-27 09:30:00,2025-02-27 11:30:00,135.0,126.9598,0.059557037037037075,-0.00368601826254511,0.06324305529958218,time_exit,short
NVDA,2025-02-26,-1,0.5,-0.6925905387878948,intraday,120,0.2,0.2,2025-02-27 09:30:00,2025-02-27 11:30:00,135.0,126.9598,0.059557037037037075,-0.00368601826254511,0.06324305529958218,time_exit,short
NVDA,2025-02-26,-1,0.5,-0.6925905387878948,intraday,180,,,2025-02-27 09:30:00,2025-02-27 12:30:00,135.0,126.935,0.05974074074074076,-0.0047918237413085984,0.06453256448204936,time_exit,short
NVDA,2025-02-26,-1,0.5,-0.6925905387878948,intraday,180,,0.01,2025-02-27 09:30:00,2025-02-27 09:30:00,135.0,133.65,0.010000000000000009,0.00040211108318666255,0.009597888916813346,profit_target,short
NVDA,2025-02-26,-1,0.5,-0.6925905387878948,intraday,180,,0.03,2025-02-27 09:30:00,2025-02-27 09:35:00,135.0,130.95,0.030000000000000138,0.0005864119963139292,0.02941358800368621,profit_target,short
NVDA,2025-02-26,-1,0.5,-0.6925905387878948,intraday,180,,0.05,2025-02-27 09:30:00,2025-02-27 09:50:00,135.0,128.25,0.050000000000000044,-0.005193934824495261,0.055193934824495305,profit_target,short
NVDA,2025-02-26,-1,0.5,-0.6925905387878948,intraday,180,,0.1,2025-02-27 09:30:00,2025-02-27 12:30:00,135.0,126.935,0.05974074074074076,-0.0047918237413085984,0.06453256448204936,time_exit,short
NVDA,2025-02-26,-1,0.5,-0.6925905387878948,intraday,180,,0.2,2025-02-27 09:30:00,2025-02-27 12:30:00,135.0,126.935,0.05974074074074076,-0.0047918237413085984,0.06453256448204936,time_exit,short
NVDA,2025-02-26,-1,0.5,-0.6925905387878948,intraday,180,0.01,,2025-02-27 09:30:00,2025-02-27 12:30:00,135.0,126.935,0.05974074074074076,-0.0047918237413085984,0.06453256448204936,time_exit,short
NVDA,2025-02-26,-1,0.5,-0.6925905387878948,intraday,180,0.01,0.01,2025-02-27 09:30:00,2025-02-27 09:30:00,135.0,133.65,0.010000000000000009,0.00040211108318666255,0.009597888916813346,profit_target,short
NVDA,2025-02-26,-1,0.5,-0.6925905387878948,intraday,180,0.01,0.03,2025-02-27 09:30:00,2025-02-27 09:35:00,135.0,130.95,0.030000000000000138,0.0005864119963139292,0.02941358800368621,profit_target,short
NVDA,2025-02-26,-1,0.5,-0.6925905387878948,intraday,180,0.01,0.05,2025-02-27 09:30:00,2025-02-27 09:50:00,135.0,128.25,0.050000000000000044,-0.005193934824495261,0.055193934824495305,profit_target,short
NVDA,2025-02-26,-1,0.5,-0.6925905387878948,intraday,180,0.01,0.1,2025-02-27 09:30:00,2025-02-27 12:30:00,135.0,126.935,0.05974074074074076,-0.0047918237413085984,0.06453256448204936,time_exit,short
NVDA,2025-02-26,-1,0.5,-0.6925905387878948,intraday,180,0.01,0.2,2025-02-27 09:30:00,2025-02-27 12:30:00,135.0,126.935,0.05974074074074076,-0.0047918237413085984,0.06453256448204936,time_exit,short
NVDA,2025-02-26,-1,0.5,-0.6925905387878948,intraday,180,0.03,,2025-02-27 09:30:00,2025-02-27 12:30:00,135.0,126.935,0.05974074074074076,-0.0047918237413085984,0.06453256448204936,time_exit,short
NVDA,2025-02-26,-1,0.5,-0.6925905387878948,intraday,180,0.03,0.01,2025-02-27 09:30:00,2025-02-27 09:30:00,135.0,133.65,0.010000000000000009,0.00040211108318666255,0.009597888916813346,profit_target,short
NVDA,2025-02-26,-1,0.5,-0.6925905387878948,intraday,180,0.03,0.03,2025-02-27 09:30:00,2025-02-27 09:35:00,135.0,130.95,0.030000000000000138,0.0005864119963139292,0.02941358800368621,profit_target,short
NVDA,2025-02-26,-1,0.5,-0.6925905387878948,intraday,180,0.03,0.05,2025-02-27 09:30:00,2025-02-27 09:50:00,135.0,128.25,0.050000000000000044,-0.005193934824495261,0.055193934824495305,profit_target,short
NVDA,2025-02-26,-1,0.5,-0.6925905387878948,intraday,180,0.03,0.1,2025-02-27 09:30:00,2025-02-27 12:30:00,135.0,126.935,0.05974074074074076,-0.0047918237413085984,0.06453256448204936,time_exit,short
NVDA,2025-02-26,-1,0.5,-0.6925905387878948,intraday,180,0.03,0.2,2025-02-27 09:30:00,2025-02-27 12:30:00,135.0,126.935,0.05974074074074076,-0.0047918237413085984,0.06453256448204936,time_exit,short
NVDA,2025-02-26,-1,0.5,-0.6925905387878948,intraday,180,0.05,,2025-02-27 09:30:00,2025-02-27 12:30:00,135.0,126.935,0.05974074074074076,-0.0047918237413085984,0.06453256448204936,time_exit,short
NVDA,2025-02-26,-1,0.5,-0.6925905387878948,intraday,180,0.05,0.01,2025-02-27 09:30:00,2025-02-27 09:30:00,135.0,133.65,0.010000000000000009,0.00040211108318666255,0.009597888916813346,profit_target,short
NVDA,2025-02-26,-1,0.5,-0.6925905387878948,intraday,180,0.05,0.03,2025-02-27 09:30:00,2025-02-27 09:35:00,135.0,130.95,0.030000000000000138,0.0005864119963139292,0.02941358800368621,profit_target,short
NVDA,2025-02-26,-1,0.5,-0.6925905387878948,intraday,180,0.05,0.05,2025-02-27 09:30:00,2025-02-27 09:50:00,135.0,128.25,0.050000000000000044,-0.005193934824495261,0.055193934824495305,profit_target,short
NVDA,2025-02-26,-1,0.5,-0.6925905387878948,intraday,180,0.05,0.1,2025-02-27 09:30:00,2025-02-27 12:30:00,135.0,126.935,0.05974074074074076,-0.0047918237413085984,0.06453256448204936,time_exit,short
NVDA,2025-02-26,-1,0.5,-0.6925905387878948,intraday,180,0.05,0.2,2025-02-27 09:30:00,2025-02-27 12:30:00,135.0,126.935,0.05974074074074076,-0.0047918237413085984,0.06453256448204936,time_exit,short
NVDA,2025-02-26,-1,0.5,-0.6925905387878948,intraday,180,0.1,,2025-02-27 09:30:00,2025-02-27 12:30:00,135.0,126.935,0.05974074074074076,-0.0047918237413085984,0.06453256448204936,time_exit,short
NVDA,2025-02-26,-1,0.5,-0.6925905387878948,intraday,180,0.1,0.01,2025-02-27 09:30:00,2025-02-27 09:30:00,135.0,133.65,0.010000000000000009,0.00040211108318666255,0.009597888916813346,profit_target,short
NVDA,2025-02-26,-1,0.5,-0.6925905387878948,intraday,180,0.1,0.03,2025-02-27 09:30:00,2025-02-27 09:35:00,135.0,130.95,0.030000000000000138,0.0005864119963139292,0.02941358800368621,profit_target,short
NVDA,2025-02-26,-1,0.5,-0.6925905387878948,intraday,180,0.1,0.05,2025-02-27 09:30:00,2025-02-27 09:50:00,135.0,128.25,0.050000000000000044,-0.005193934824495261,0.055193934824495305,profit_target,short
NVDA,2025-02-26,-1,0.5,-0.6925905387878948,intraday,180,0.1,0.1,2025-02-27 09:30:00,2025-02-27 12:30:00,135.0,126.935,0.05974074074074076,-0.0047918237413085984,0.06453256448204936,time_exit,short
NVDA,2025-02-26,-1,0.5,-0.6925905387878948,intraday,180,0.1,0.2,2025-02-27 09:30:00,2025-02-27 12:30:00,135.0,126.935,0.05974074074074076,-0.0047918237413085984,0.06453256448204936,time_exit,short
NVDA,2025-02-26,-1,0.5,-0.6925905387878948,intraday,180,0.2,,2025-02-27 09:30:00,2025-02-27 12:30:00,135.0,126.935,0.05974074074074076,-0.0047918237413085984,0.06453256448204936,time_exit,short
NVDA,2025-02-26,-1,0.5,-0.6925905387878948,intraday,180,0.2,0.01,2025-02-27 09:30:00,2025-02-27 09:30:00,135.0,133.65,0.010000000000000009,0.00040211108318666255,0.009597888916813346,profit_target,short
NVDA,2025-02-26,-1,0.5,-0.6925905387878948,intraday,180,0.2,0.03,2025-02-27 09:30:00,2025-02-27 09:35:00,135.0,130.95,0.030000000000000138,0.0005864119963139292,0.02941358800368621,profit_target,short
NVDA,2025-02-26,-1,0.5,-0.6925905387878948,intraday,180,0.2,0.05,2025-02-27 09:30:00,2025-02-27 09:50:00,135.0,128.25,0.050000000000000044,-0.005193934824495261,0.055193934824495305,profit_target,short
NVDA,2025-02-26,-1,0.5,-0.6925905387878948,intraday,180,0.2,0.1,2025-02-27 09:30:00,2025-02-27 12:30:00,135.0,126.935,0.05974074074074076,-0.0047918237413085984,0.06453256448204936,time_exit,short
NVDA,2025-02-26,-1,0.5,-0.6925905387878948,intraday,180,0.2,0.2,2025-02-27 09:30:00,2025-02-27 12:30:00,135.0,126.935,0.05974074074074076,-0.0047918237413085984,0.06453256448204936,time_exit,short
NVDA,2025-02-26,-1,0.5,-0.6925905387878948,intraday,390,,,2025-02-27 09:30:00,2025-02-27 16:00:00,135.0,120.16,0.10992592592592598,-0.01951914216302253,0.1294450680889485,time_exit,short
NVDA,2025-02-26,-1,0.5,-0.6925905387878948,intraday,390,,0.01,2025-02-27 09:30:00,2025-02-27 09:30:00,135.0,133.65,0.010000000000000009,0.00040211108318666255,0.009597888916813346,profit_target,short
NVDA,2025-02-26,-1,0.5,-0.6925905387878948,intraday,390,,0.03,2025-02-27 09:30:00,2025-02-27 09:35:00,135.0,130.95,0.030000000000000138,0.0005864119963139292,0.02941358800368621,profit_target,short
NVDA,2025-02-26,-1,0.5,-0.6925905387878948,intraday,390,,0.05,2025-02-27 09:30:00,2025-02-27 09:50:00,135.0,128.25,0.050000000000000044,-0.005193934824495261,0.055193934824495305,profit_target,short
NVDA,2025-02-26,-1,0.5,-0.6925905387878948,intraday,390,,0.1,2025-02-27 09:30:00,2025-02-27 14:30:00,135.0,121.5,0.09999999999999998,-0.01256597134958537,0.11256597134958535,profit_target,short
NVDA,2025-02-26,-1,0.5,-0.6925905387878948,intraday,390,,0.2,2025-02-27 09:30:00,2025-02-27 16:00:00,135.0,120.16,0.10992592592592598,-0.01951914216302253,0.1294450680889485,time_exit,short
NVDA,2025-02-26,-1,0.5,-0.6925905387878948,intraday,390,0.01,,2025-02-27 09:30:00,2025-02-27 16:00:00,135.0,120.16,0.10992592592592598,-0.01951914216302253,0.1294450680889485,time_exit,short
NVDA,2025-02-26,-1,0.5,-0.6925905387878948,intraday,390,0.01,0.01,2025-02-27 09:30:00,2025-02-27 09:30:00,135.0,133.65,0.010000000000000009,0.00040211108318666255,0.009597888916813346,profit_target,short
NVDA,2025-02-26,-1,0.5,-0.6925905387878948,intraday,390,0.01,0.03,2025-02-27 09:30:00,2025-02-27 09:35:00,135.0,130.95,0.030000000000000138,0.0005864119963139292,0.02941358800368621,profit_target,short
NVDA,2025-02-26,-1,0.5,-0.6925905387878948,intraday,390,0.01,0.05,2025-02-27 09:30:00,2025-02-27 09:50:00,135.0,128.25,0.050000000000000044,-0.005193934824495261,0.055193934824495305,profit_target,short
NVDA,2025-02-26,-1,0.5,-0.6925905387878948,intraday,390,0.01,0.1,2025-02-27 09:30:00,2025-02-27 14:30:00,135.0,121.5,0.09999999999999998,-0.01256597134958537,0.11256597134958535,profit_target,short
NVDA,2025-02-26,-1,0.5,-0.6925905387878948,intraday,390,0.01,0.2,2025-02-27 09:30:00,2025-02-27 16:00:00,135.0,120.16,0.10992592592592598,-0.01951914216302253,0.1294450680889485,time_exit,short
NVDA,2025-02-26,-1,0.5,-0.6925905387878948,intraday,390,0.03,,2025-02-27 09:30:00,2025-02-27 16:00:00,135.0,120.16,0.10992592592592598,-0.01951914216302253,0.1294450680889485,time_exit,short
NVDA,2025-02-26,-1,0.5,-0.6925905387878948,intraday,390,0.03,0.01,2025-02-27 09:30:00,2025-02-27 09:30:00,135.0,133.65,0.010000000000000009,0.00040211108318666255,0.009597888916813346,profit_target,short
NVDA,2025-02-26,-1,0.5,-0.6925905387878948,intraday,390,0.03,0.03,2025-02-27 09:30:00,2025-02-27 09:35:00,135.0,130.95,0.030000000000000138,0.0005864119963139292,0.02941358800368621,profit_target,short
NVDA,2025-02-26,-1,0.5,-0.6925905387878948,intraday,390,0.03,0.05,2025-02-27 09:30:00,2025-02-27 09:50:00,135.0,128.25,0.050000000000000044,-0.005193934824495261,0.055193934824495305,profit_target,short
NVDA,2025-02-26,-1,0.5,-0.6925905387878948,intraday,390,0.03,0.1,2025-02-27 09:30:00,2025-02-27 14:30:00,135.0,121.5,0.09999999999999998,-0.01256597134958537,0.11256597134958535,profit_target,short
NVDA,2025-02-26,-1,0.5,-0.6925905387878948,intraday,390,0.03,0.2,2025-02-27 09:30:00,2025-02-27 16:00:00,135.0,120.16,0.10992592592592598,-0.01951914216302253,0.1294450680889485,time_exit,short
NVDA,2025-02-26,-1,0.5,-0.6925905387878948,intraday,390,0.05,,2025-02-27 09:30:00,2025-02-27 16:00:00,135.0,120.16,0.10992592592592598,-0.01951914216302253,0.1294450680889485,time_exit,short
NVDA,2025-02-26,-1,0.5,-0.6925905387878948,intraday,390,0.05,0.01,2025-02-27 09:30:00,2025-02-27 09:30:00,135.0,133.65,0.010000000000000009,0.00040211108318666255,0.009597888916813346,profit_target,short
NVDA,2025-02-26,-1,0.5,-0.6925905387878948,intraday,390,0.05,0.03,2025-02-27 09:30:00,2025-02-27 09:35:00,135.0,130.95,0.030000000000000138,0.0005864119963139292,0.02941358800368621,profit_target,short
NVDA,2025-02-26,-1,0.5,-0.6925905387878948,intraday,390,0.05,0.05,2025-02-27 09:30:00,2025-02-27 09:50:00,135.0,128.25,0.050000000000000044,-0.005193934824495261,0.055193934824495305,profit_target,short
NVDA,2025-02-26,-1,0.5,-0.6925905387878948,intraday,390,0.05,0.1,2025-02-27 09:30:00,2025-02-27 14:30:00,135.0,121.5,0.09999999999999998,-0.01256597134958537,0.11256597134958535,profit_target,short
NVDA,2025-02-26,-1,0.5,-0.6925905387878948,intraday,390,0.05,0.2,2025-02-27 09:30:00,2025-02-27 16:00:00,135.0,120.16,0.10992592592592598,-0.01951914216302253,0.1294450680889485,time_exit,short
NVDA,2025-02-26,-1,0.5,-0.6925905387878948,intraday,390,0.1,,2025-02-27 09:30:00,2025-02-27 16:00:00,135.0,120.16,0.10992592592592598,-0.01951914216302253,0.1294450680889485,time_exit,short
NVDA,2025-02-26,-1,0.5,-0.6925905387878948,intraday,390,0.1,0.01,2025-02-27 09:30:00,2025-02-27 09:30:00,135.0,133.65,0.010000000000000009,0.00040211108318666255,0.009597888916813346,profit_target,short
NVDA,2025-02-26,-1,0.5,-0.6925905387878948,intraday,390,0.1,0.03,2025-02-27 09:30:00,2025-02-27 09:35:00,135.0,130.95,0.030000000000000138,0.0005864119963139292,0.02941358800368621,profit_target,short
NVDA,2025-02-26,-1,0.5,-0.6925905387878948,intraday,390,0.1,0.05,2025-02-27 09:30:00,2025-02-27 09:50:00,135.0,128.25,0.050000000000000044,-0.005193934824495261,0.055193934824495305,profit_target,short
NVDA,2025-02-26,-1,0.5,-0.6925905387878948,intraday,390,0.1,0.1,2025-02-27 09:30:00,2025-02-27 14:30:00,135.0,121.5,0.09999999999999998,-0.01256597134958537,0.11256597134958535,profit_target,short
NVDA,2025-02-26,-1,0.5,-0.6925905387878948,intraday,390,0.1,0.2,2025-02-27 09:30:00,2025-02-27 16:00:00,135.0,120.16,0.10992592592592598,-0.01951914216302253,0.1294450680889485,time_exit,short
NVDA,2025-02-26,-1,0.5,-0.6925905387878948,intraday,390,0.2,,2025-02-27 09:30:00,2025-02-27 16:00:00,135.0,120.16,0.10992592592592598,-0.01951914216302253,0.1294450680889485,time_exit,short
NVDA,2025-02-26,-1,0.5,-0.6925905387878948,intraday,390,0.2,0.01,2025-02-27 09:30:00,2025-02-27 09:30:00,135.0,133.65,0.010000000000000009,0.00040211108318666255,0.009597888916813346,profit_target,short
NVDA,2025-02-26,-1,0.5,-0.6925905387878948,intraday,390,0.2,0.03,2025-02-27 09:30:00,2025-02-27 09:35:00,135.0,130.95,0.030000000000000138,0.0005864119963139292,0.02941358800368621,profit_target,short
NVDA,2025-02-26,-1,0.5,-0.6925905387878948,intraday,390,0.2,0.05,2025-02-27 09:30:00,2025-02-27 09:50:00,135.0,128.25,0.050000000000000044,-0.005193934824495261,0.055193934824495305,profit_target,short
NVDA,2025-02-26,-1,0.5,-0.6925905387878948,intraday,390,0.2,0.1,2025-02-27 09:30:00,2025-02-27 14:30:00,135.0,121.5,0.09999999999999998,-0.01256597134958537,0.11256597134958535,profit_target,short
NVDA,2025-02-26,-1,0.5,-0.6925905387878948,intraday,390,0.2,0.2,2025-02-27 09:30:00,2025-02-27 16:00:00,135.0,120.16,0.10992592592592598,-0.01951914216302253,0.1294450680889485,time_exit,short
NVDA,2025-02-26,-1,0.5,-0.6925905387878948,multiday,1,,,2025-02-27 09:30:00,2025-02-27 16:00:00,135.0,120.16,0.10992592592592598,-0.01951914216302253,0.1294450680889485,time_exit,short
NVDA,2025-02-26,-1,0.5,-0.6925905387878948,multiday,1,,0.01,2025-02-27 09:30:00,2025-02-27 09:30:00,135.0,133.65,0.010000000000000009,0.00040211108318666255,0.009597888916813346,profit_target,short
NVDA,2025-02-26,-1,0.5,-0.6925905387878948,multiday,1,,0.03,2025-02-27 09:30:00,2025-02-27 09:35:00,135.0,130.95,0.030000000000000138,0.0005864119963139292,0.02941358800368621,profit_target,short
NVDA,2025-02-26,-1,0.5,-0.6925905387878948,multiday,1,,0.05,2025-02-27 09:30:00,2025-02-27 09:50:00,135.0,128.25,0.050000000000000044,-0.005193934824495261,0.055193934824495305,profit_target,short
NVDA,2025-02-26,-1,0.5,-0.6925905387878948,multiday,1,,0.1,2025-02-27 09:30:00,2025-02-27 14:30:00,135.0,121.5,0.09999999999999998,-0.01256597134958537,0.11256597134958535,profit_target,short
NVDA,2025-02-26,-1,0.5,-0.6925905387878948,multiday,1,,0.2,2025-02-27 09:30:00,2025-02-27 16:00:00,135.0,120.16,0.10992592592592598,-0.01951914216302253,0.1294450680889485,time_exit,short
NVDA,2025-02-26,-1,0.5,-0.6925905387878948,multiday,1,0.01,,2025-02-27 09:30:00,2025-02-27 16:00:00,135.0,120.16,0.10992592592592598,-0.01951914216302253,0.1294450680889485,time_exit,short
NVDA,2025-02-26,-1,0.5,-0.6925905387878948,multiday,1,0.01,0.01,2025-02-27 09:30:00,2025-02-27 09:30:00,135.0,133.65,0.010000000000000009,0.00040211108318666255,0.009597888916813346,profit_target,short
NVDA,2025-02-26,-1,0.5,-0.6925905387878948,multiday,1,0.01,0.03,2025-02-27 09:30:00,2025-02-27 09:35:00,135.0,130.95,0.030000000000000138,0.0005864119963139292,0.02941358800368621,profit_target,short
NVDA,2025-02-26,-1,0.5,-0.6925905387878948,multiday,1,0.01,0.05,2025-02-27 09:30:00,2025-02-27 09:50:00,135.0,128.25,0.050000000000000044,-0.005193934824495261,0.055193934824495305,profit_target,short
NVDA,2025-02-26,-1,0.5,-0.6925905387878948,multiday,1,0.01,0.1,2025-02-27 09:30:00,2025-02-27 14:30:00,135.0,121.5,0.09999999999999998,-0.01256597134958537,0.11256597134958535,profit_target,short
NVDA,2025-02-26,-1,0.5,-0.6925905387878948,multiday,1,0.01,0.2,2025-02-27 09:30:00,2025-02-27 16:00:00,135.0,120.16,0.10992592592592598,-0.01951914216302253,0.1294450680889485,time_exit,short
NVDA,2025-02-26,-1,0.5,-0.6925905387878948,multiday,1,0.03,,2025-02-27 09:30:00,2025-02-27 16:00:00,135.0,120.16,0.10992592592592598,-0.01951914216302253,0.1294450680889485,time_exit,short
NVDA,2025-02-26,-1,0.5,-0.6925905387878948,multiday,1,0.03,0.01,2025-02-27 09:30:00,2025-02-27 09:30:00,135.0,133.65,0.010000000000000009,0.00040211108318666255,0.009597888916813346,profit_target,short
NVDA,2025-02-26,-1,0.5,-0.6925905387878948,multiday,1,0.03,0.03,2025-02-27 09:30:00,2025-02-27 09:35:00,135.0,130.95,0.030000000000000138,0.0005864119963139292,0.02941358800368621,profit_target,short
NVDA,2025-02-26,-1,0.5,-0.6925905387878948,multiday,1,0.03,0.05,2025-02-27 09:30:00,2025-02-27 09:50:00,135.0,128.25,0.050000000000000044,-0.005193934824495261,0.055193934824495305,profit_target,short
NVDA,2025-02-26,-1,0.5,-0.6925905387878948,multiday,1,0.03,0.1,2025-02-27 09:30:00,2025-02-27 14:30:00,135.0,121.5,0.09999999999999998,-0.01256597134958537,0.11256597134958535,profit_target,short
NVDA,2025-02-26,-1,0.5,-0.6925905387878948,multiday,1,0.03,0.2,2025-02-27 09:30:00,2025-02-27 16:00:00,135.0,120.16,0.10992592592592598,-0.01951914216302253,0.1294450680889485,time_exit,short
NVDA,2025-02-26,-1,0.5,-0.6925905387878948,multiday,1,0.05,,2025-02-27 09:30:00,2025-02-27 16:00:00,135.0,120.16,0.10992592592592598,-0.01951914216302253,0.1294450680889485,time_exit,short
NVDA,2025-02-26,-1,0.5,-0.6925905387878948,multiday,1,0.05,0.01,2025-02-27 09:30:00,2025-02-27 09:30:00,135.0,133.65,0.010000000000000009,0.00040211108318666255,0.009597888916813346,profit_target,short
NVDA,2025-02-26,-1,0.5,-0.6925905387878948,multiday,1,0.05,0.03,2025-02-27 09:30:00,2025-02-27 09:35:00,135.0,130.95,0.030000000000000138,0.0005864119963139292,0.02941358800368621,profit_target,short
NVDA,2025-02-26,-1,0.5,-0.6925905387878948,multiday,1,0.05,0.05,2025-02-27 09:30:00,2025-02-27 09:50:00,135.0,128.25,0.050000000000000044,-0.005193934824495261,0.055193934824495305,profit_target,short
NVDA,2025-02-26,-1,0.5,-0.6925905387878948,multiday,1,0.05,0.1,2025-02-27 09:30:00,2025-02-27 14:30:00,135.0,121.5,0.09999999999999998,-0.01256597134958537,0.11256597134958535,profit_target,short
NVDA,2025-02-26,-1,0.5,-0.6925905387878948,multiday,1,0.05,0.2,2025-02-27 09:30:00,2025-02-27 16:00:00,135.0,120.16,0.10992592592592598,-0.01951914216302253,0.1294450680889485,time_exit,short
NVDA,2025-02-26,-1,0.5,-0.6925905387878948,multiday,1,0.1,,2025-02-27 09:30:00,2025-02-27 16:00:00,135.0,120.16,0.10992592592592598,-0.01951914216302253,0.1294450680889485,time_exit,short
NVDA,2025-02-26,-1,0.5,-0.6925905387878948,multiday,1,0.1,0.01,2025-02-27 09:30:00,2025-02-27 09:30:00,135.0,133.65,0.010000000000000009,0.00040211108318666255,0.009597888916813346,profit_target,short
NVDA,2025-02-26,-1,0.5,-0.6925905387878948,multiday,1,0.1,0.03,2025-02-27 09:30:00,2025-02-27 09:35:00,135.0,130.95,0.030000000000000138,0.0005864119963139292,0.02941358800368621,profit_target,short
NVDA,2025-02-26,-1,0.5,-0.6925905387878948,multiday,1,0.1,0.05,2025-02-27 09:30:00,2025-02-27 09:50:00,135.0,128.25,0.050000000000000044,-0.005193934824495261,0.055193934824495305,profit_target,short
NVDA,2025-02-26,-1,0.5,-0.6925905387878948,multiday,1,0.1,0.1,2025-02-27 09:30:00,2025-02-27 14:30:00,135.0,121.5,0.09999999999999998,-0.01256597134958537,0.11256597134958535,profit_target,short
NVDA,2025-02-26,-1,0.5,-0.6925905387878948,multiday,1,0.1,0.2,2025-02-27 09:30:00,2025-02-27 16:00:00,135.0,120.16,0.10992592592592598,-0.01951914216302253,0.1294450680889485,time_exit,short
NVDA,2025-02-26,-1,0.5,-0.6925905387878948,multiday,1,0.2,,2025-02-27 09:30:00,2025-02-27 16:00:00,135.0,120.16,0.10992592592592598,-0.01951914216302253,0.1294450680889485,time_exit,short
NVDA,2025-02-26,-1,0.5,-0.6925905387878948,multiday,1,0.2,0.01,2025-02-27 09:30:00,2025-02-27 09:30:00,135.0,133.65,0.010000000000000009,0.00040211108318666255,0.009597888916813346,profit_target,short
NVDA,2025-02-26,-1,0.5,-0.6925905387878948,multiday,1,0.2,0.03,2025-02-27 09:30:00,2025-02-27 09:35:00,135.0,130.95,0.030000000000000138,0.0005864119963139292,0.02941358800368621,profit_target,short
NVDA,2025-02-26,-1,0.5,-0.6925905387878948,multiday,1,0.2,0.05,2025-02-27 09:30:00,2025-02-27 09:50:00,135.0,128.25,0.050000000000000044,-0.005193934824495261,0.055193934824495305,profit_target,short
NVDA,2025-02-26,-1,0.5,-0.6925905387878948,multiday,1,0.2,0.1,2025-02-27 09:30:00,2025-02-27 14:30:00,135.0,121.5,0.09999999999999998,-0.01256597134958537,0.11256597134958535,profit_target,short
NVDA,2025-02-26,-1,0.5,-0.6925905387878948,multiday,1,0.2,0.2,2025-02-27 09:30:00,2025-02-27 16:00:00,135.0,120.16,0.10992592592592598,-0.01951914216302253,0.1294450680889485,time_exit,short
NVDA,2025-02-26,-1,0.5,-0.6925905387878948,multiday,3,,,2025-02-27 09:30:00,2025-03-03 16:00:00,135.0,114.39,0.15266666666666662,-0.021915054033676884,0.1745817207003435,time_exit,short
NVDA,2025-02-26,-1,0.5,-0.6925905387878948,multiday,3,,0.01,2025-02-27 09:30:00,2025-02-27 09:30:00,135.0,133.65,0.010000000000000009,0.00040211108318666255,0.009597888916813346,profit_target,short
NVDA,2025-02-26,-1,0.5,-0.6925905387878948,multiday,3,,0.03,2025-02-27 09:30:00,2025-02-27 09:35:00,135.0,130.95,0.030000000000000138,0.0005864119963139292,0.02941358800368621,profit_target,short
NVDA,2025-02-26,-1,0.5,-0.6925905387878948,multiday,3,,0.05,2025-02-27 09:30:00,2025-02-27 09:50:00,135.0,128.25,0.050000000000000044,-0.005193934824495261,0.055193934824495305,profit_target,short
NVDA,2025-02-26,-1,0.5,-0.6925905387878948,multiday,3,,0.1,2025-02-27 09:30:00,2025-02-27 14:30:00,135.0,121.5,0.09999999999999998,-0.01256597134958537,0.11256597134958535,profit_target,short
NVDA,2025-02-26,-1,0.5,-0.6925905387878948,multiday,3,,0.2,2025-02-27 09:30:00,2025-03-03 15:20:00,135.0,108.0,0.19999999999999996,-0.021915054033676884,0.22191505403367684,profit_target,short
NVDA,2025-02-26,-1,0.5,-0.6925905387878948,multiday,3,0.01,,2025-02-27 09:30:00,2025-03-03 16:00:00,135.0,114.39,0.15266666666666662,-0.021915054033676884,0.1745817207003435,time_exit,short
NVDA,2025-02-26,-1,0.5,-0.6925905387878948,multiday,3,0.01,0.01,2025-02-27 09:30:00,2025-02-27 09:30:00,135.0,133.65,0.010000000000000009,0.00040211108318666255,0.009597888916813346,profit_target,short
NVDA,2025-02-26,-1,0.5,-0.6925905387878948,multiday,3,0.01,0.03,2025-02-27 09:30:00,2025-02-27 09:35:00,135.0,130.95,0.030000000000000138,0.0005864119963139292,0.02941358800368621,profit_target,short
NVDA,2025-02-26,-1,0.5,-0.6925905387878948,multiday,3,0.01,0.05,2025-02-27 09:30:00,2025-02-27 09:50:00,135.0,128.25,0.050000000000000044,-0.005193934824495261,0.055193934824495305,profit_target,short
NVDA,2025-02-26,-1,0.5,-0.6925905387878948,multiday,3,0.01,0.1,2025-02-27 09:30:00,2025-02-27 14:30:00,135.0,121.5,0.09999999999999998,-0.01256597134958537,0.11256597134958535,profit_target,short
NVDA,2025-02-26,-1,0.5,-0.6925905387878948,multiday,3,0.01,0.2,2025-02-27 09:30:00,2025-03-03 15:20:00,135.0,108.0,0.19999999999999996,-0.021915054033676884,0.22191505403367684,profit_target,short
NVDA,2025-02-26,-1,0.5,-0.6925905387878948,multiday,3,0.03,,2025-02-27 09:30:00,2025-03-03 16:00:00,135.0,114.39,0.15266666666666662,-0.021915054033676884,0.1745817207003435,time_exit,short
NVDA,2025-02-26,-1,0.5,-0.6925905387878948,multiday,3,0.03,0.01,2025-02-27 09:30:00,2025-02-27 09:30:00,135.0,133.65,0.010000000000000009,0.00040211108318666255,0.009597888916813346,profit_target,short
NVDA,2025-02-26,-1,0.5,-0.6925905387878948,multiday,3,0.03,0.03,2025-02-27 09:30:00,2025-02-27 09:35:00,135.0,130.95,0.030000000000000138,0.0005864119963139292,0.02941358800368621,profit_target,short
NVDA,2025-02-26,-1,0.5,-0.6925905387878948,multiday,3,0.03,0.05,2025-02-27 09:30:00,2025-02-27 09:50:00,135.0,128.25,0.050000000000000044,-0.005193934824495261,0.055193934824495305,profit_target,short
NVDA,2025-02-26,-1,0.5,-0.6925905387878948,multiday,3,0.03,0.1,2025-02-27 09:30:00,2025-02-27 14:30:00,135.0,121.5,0.09999999999999998,-0.01256597134958537,0.11256597134958535,profit_target,short
NVDA,2025-02-26,-1,0.5,-0.6925905387878948,multiday,3,0.03,0.2,2025-02-27 09:30:00,2025-03-03 15:20:00,135.0,108.0,0.19999999999999996,-0.021915054033676884,0.22191505403367684,profit_target,short
NVDA,2025-02-26,-1,0.5,-0.6925905387878948,multiday,3,0.05,,2025-02-27 09:30:00,2025-03-03 16:00:00,135.0,114.39,0.15266666666666662,-0.021915054033676884,0.1745817207003435,time_exit,short
NVDA,2025-02-26,-1,0.5,-0.6925905387878948,multiday,3,0.05,0.01,2025-02-27 09:30:00,2025-02-27 09:30:00,135.0,133.65,0.010000000000000009,0.00040211108318666255,0.009597888916813346,profit_target,short
NVDA,2025-02-26,-1,0.5,-0.6925905387878948,multiday,3,0.05,0.03,2025-02-27 09:30:00,2025-02-27 09:35:00,135.0,130.95,0.030000000000000138,0.0005864119963139292,0.02941358800368621,profit_target,short
NVDA,2025-02-26,-1,0.5,-0.6925905387878948,multiday,3,0.05,0.05,2025-02-27 09:30:00,2025-02-27 09:50:00,135.0,128.25,0.050000000000000044,-0.005193934824495261,0.055193934824495305,profit_target,short
NVDA,2025-02-26,-1,0.5,-0.6925905387878948,multiday,3,0.05,0.1,2025-02-27 09:30:00,2025-02-27 14:30:00,135.0,121.5,0.09999999999999998,-0.01256597134958537,0.11256597134958535,profit_target,short
NVDA,2025-02-26,-1,0.5,-0.6925905387878948,multiday,3,0.05,0.2,2025-02-27 09:30:00,2025-03-03 15:20:00,135.0,108.0,0.19999999999999996,-0.021915054033676884,0.22191505403367684,profit_target,short
NVDA,2025-02-26,-1,0.5,-0.6925905387878948,multiday,3,0.1,,2025-02-27 09:30:00,2025-03-03 16:00:00,135.0,114.39,0.15266666666666662,-0.021915054033676884,0.1745817207003435,time_exit,short
NVDA,2025-02-26,-1,0.5,-0.6925905387878948,multiday,3,0.1,0.01,2025-02-27 09:30:00,2025-02-27 09:30:00,135.0,133.65,0.010000000000000009,0.00040211108318666255,0.009597888916813346,profit_target,short
NVDA,2025-02-26,-1,0.5,-0.6925905387878948,multiday,3,0.1,0.03,2025-02-27 09:30:00,2025-02-27 09:35:00,135.0,130.95,0.030000000000000138,0.0005864119963139292,0.02941358800368621,profit_target,short
NVDA,2025-02-26,-1,0.5,-0.6925905387878948,multiday,3,0.1,0.05,2025-02-27 09:30:00,2025-02-27 09:50:00,135.0,128.25,0.050000000000000044,-0.005193934824495261,0.055193934824495305,profit_target,short
NVDA,2025-02-26,-1,0.5,-0.6925905387878948,multiday,3,0.1,0.1,2025-02-27 09:30:00,2025-02-27 14:30:00,135.0,121.5,0.09999999999999998,-0.01256597134958537,0.11256597134958535,profit_target,short
NVDA,2025-02-26,-1,0.5,-0.6925905387878948,multiday,3,0.1,0.2,2025-02-27 09:30:00,2025-03-03 15:20:00,135.0,108.0,0.19999999999999996,-0.021915054033676884,0.22191505403367684,profit_target,short
NVDA,2025-02-26,-1,0.5,-0.6925905387878948,multiday,3,0.2,,2025-02-27 09:30:00,2025-03-03 16:00:00,135.0,114.39,0.15266666666666662,-0.021915054033676884,0.1745817207003435,time_exit,short
NVDA,2025-02-26,-1,0.5,-0.6925905387878948,multiday,3,0.2,0.01,2025-02-27 09:30:00,2025-02-27 09:30:00,135.0,133.65,0.010000000000000009,0.00040211108318666255,0.009597888916813346,profit_target,short
NVDA,2025-02-26,-1,0.5,-0.6925905387878948,multiday,3,0.2,0.03,2025-02-27 09:30:00,2025-02-27 09:35:00,135.0,130.95,0.030000000000000138,0.0005864119963139292,0.02941358800368621,profit_target,short
NVDA,2025-02-26,-1,0.5,-0.6925905387878948,multiday,3,0.2,0.05,2025-02-27 09:30:00,2025-02-27 09:50:00,135.0,128.25,0.050000000000000044,-0.005193934824495261,0.055193934824495305,profit_target,short
NVDA,2025-02-26,-1,0.5,-0.6925905387878948,multiday,3,0.2,0.1,2025-02-27 09:30:00,2025-02-27 14:30:00,135.0,121.5,0.09999999999999998,-0.01256597134958537,0.11256597134958535,profit_target,short
NVDA,2025-02-26,-1,0.5,-0.6925905387878948,multiday,3,0.2,0.2,2025-02-27 09:30:00,2025-03-03 15:20:00,135.0,108.0,0.19999999999999996,-0.021915054033676884,0.22191505403367684,profit_target,short
NVDA,2025-02-26,-1,0.5,-0.6925905387878948,multiday,5,,,2025-02-27 09:30:00,2025-03-05 16:00:00,135.0,117.12,0.13244444444444436,-0.02310463265477103,0.1555490770992154,time_exit,short
NVDA,2025-02-26,-1,0.5,-0.6925905387878948,multiday,5,,0.01,2025-02-27 09:30:00,2025-02-27 09:30:00,135.0,133.65,0.010000000000000009,0.00040211108318666255,0.009597888916813346,profit_target,short
NVDA,2025-02-26,-1,0.5,-0.6925905387878948,multiday,5,,0.03,2025-02-27 09:30:00,2025-02-27 09:35:00,135.0,130.95,0.030000000000000138,0.0005864119963139292,0.02941358800368621,profit_target,short
NVDA,2025-02-26,-1,0.5,-0.6925905387878948,multiday,5,,0.05,2025-02-27 09:30:00,2025-02-27 09:50:00,135.0,128.25,0.050000000000000044,-0.005193934824495261,0.055193934824495305,profit_target,short
NVDA,2025-02-26,-1,0.5,-0.6925905387878948,multiday,5,,0.1,2025-02-27 09:30:00,2025-02-27 14:30:00,135.0,121.5,0.09999999999999998,-0.01256597134958537,0.11256597134958535,profit_target,short
NVDA,2025-02-26,-1,0.5,-0.6925905387878948,multiday,5,,0.2,2025-02-27 09:30:00,2025-03-03 15:20:00,135.0,108.0,0.19999999999999996,-0.021915054033676884,0.22191505403367684,profit_target,short
NVDA,2025-02-26,-1,0.5,-0.6925905387878948,multiday,5,0.01,,2025-02-27 09:30:00,2025-03-05 16:00:00,135.0,117.12,0.13244444444444436,-0.02310463265477103,0.1555490770992154,time_exit,short
NVDA,2025-02-26,-1,0.5,-0.6925905387878948,multiday,5,0.01,0.01,2025-02-27 09:30:00,2025-02-27 09:30:00,135.0,133.65,0.010000000000000009,0.00040211108318666255,0.009597888916813346,profit_target,short
NVDA,2025-02-26,-1,0.5,-0.6925905387878948,multiday,5,0.01,0.03,2025-02-27 09:30:00,2025-02-27 09:35:00,135.0,130.95,0.030000000000000138,0.0005864119963139292,0.02941358800368621,profit_target,short
NVDA,2025-02-26,-1,0.5,-0.6925905387878948,multiday,5,0.01,0.05,2025-02-27 09:30:00,2025-02-27 09:50:00,135.0,128.25,0.050000000000000044,-0.005193934824495261,0.055193934824495305,profit_target,short
NVDA,2025-02-26,-1,0.5,-0.6925905387878948,multiday,5,0.01,0.1,2025-02-27 09:30:00,2025-02-27 14:30:00,135.0,121.5,0.09999999999999998,-0.01256597134958537,0.11256597134958535,profit_target,short
NVDA,2025-02-26,-1,0.5,-0.6925905387878948,multiday,5,0.01,0.2,2025-02-27 09:30:00,2025-03-03 15:20:00,135.0,108.0,0.19999999999999996,-0.021915054033676884,0.22191505403367684,profit_target,short
NVDA,2025-02-26,-1,0.5,-0.6925905387878948,multiday,5,0.03,,2025-02-27 09:30:00,2025-03-05 16:00:00,135.0,117.12,0.13244444444444436,-0.02310463265477103,0.1555490770992154,time_exit,short
NVDA,2025-02-26,-1,0.5,-0.6925905387878948,multiday,5,0.03,0.01,2025-02-27 09:30:00,2025-02-27 09:30:00,135.0,133.65,0.010000000000000009,0.00040211108318666255,0.009597888916813346,profit_target,short
NVDA,2025-02-26,-1,0.5,-0.6925905387878948,multiday,5,0.03,0.03,2025-02-27 09:30:00,2025-02-27 09:35:00,135.0,130.95,0.030000000000000138,0.0005864119963139292,0.02941358800368621,profit_target,short
NVDA,2025-02-26,-1,0.5,-0.6925905387878948,multiday,5,0.03,0.05,2025-02-27 09:30:00,2025-02-27 09:50:00,135.0,128.25,0.050000000000000044,-0.005193934824495261,0.055193934824495305,profit_target,short
NVDA,2025-02-26,-1,0.5,-0.6925905387878948,multiday,5,0.03,0.1,2025-02-27 09:30:00,2025-02-27 14:30:00,135.0,121.5,0.09999999999999998,-0.01256597134958537,0.11256597134958535,profit_target,short
NVDA,2025-02-26,-1,0.5,-0.6925905387878948,multiday,5,0.03,0.2,2025-02-27 09:30:00,2025-03-03 15:20:00,135.0,108.0,0.19999999999999996,-0.021915054033676884,0.22191505403367684,profit_target,short
NVDA,2025-02-26,-1,0.5,-0.6925905387878948,multiday,5,0.05,,2025-02-27 09:30:00,2025-03-05 16:00:00,135.0,117.12,0.13244444444444436,-0.02310463265477103,0.1555490770992154,time_exit,short
NVDA,2025-02-26,-1,0.5,-0.6925905387878948,multiday,5,0.05,0.01,2025-02-27 09:30:00,2025-02-27 09:30:00,135.0,133.65,0.010000000000000009,0.00040211108318666255,0.009597888916813346,profit_target,short
NVDA,2025-02-26,-1,0.5,-0.6925905387878948,multiday,5,0.05,0.03,2025-02-27 09:30:00,2025-02-27 09:35:00,135.0,130.95,0.030000000000000138,0.0005864119963139292,0.02941358800368621,profit_target,short
NVDA,2025-02-26,-1,0.5,-0.6925905387878948,multiday,5,0.05,0.05,2025-02-27 09:30:00,2025-02-27 09:50:00,135.0,128.25,0.050000000000000044,-0.005193934824495261,0.055193934824495305,profit_target,short
NVDA,2025-02-26,-1,0.5,-0.6925905387878948,multiday,5,0.05,0.1,2025-02-27 09:30:00,2025-02-27 14:30:00,135.0,121.5,0.09999999999999998,-0.01256597134958537,0.11256597134958535,profit_target,short
NVDA,2025-02-26,-1,0.5,-0.6925905387878948,multiday,5,0.05,0.2,2025-02-27 09:30:00,2025-03-03 15:20:00,135.0,108.0,0.19999999999999996,-0.021915054033676884,0.22191505403367684,profit_target,short
NVDA,2025-02-26,-1,0.5,-0.6925905387878948,multiday,5,0.1,,2025-02-27 09:30:00,2025-03-05 16:00:00,135.0,117.12,0.13244444444444436,-0.02310463265477103,0.1555490770992154,time_exit,short
NVDA,2025-02-26,-1,0.5,-0.6925905387878948,multiday,5,0.1,0.01,2025-02-27 09:30:00,2025-02-27 09:30:00,135.0,133.65,0.010000000000000009,0.00040211108318666255,0.009597888916813346,profit_target,short
NVDA,2025-02-26,-1,0.5,-0.6925905387878948,multiday,5,0.1,0.03,2025-02-27 09:30:00,2025-02-27 09:35:00,135.0,130.95,0.030000000000000138,0.0005864119963139292,0.02941358800368621,profit_target,short
NVDA,2025-02-26,-1,0.5,-0.6925905387878948,multiday,5,0.1,0.05,2025-02-27 09:30:00,2025-02-27 09:50:00,135.0,128.25,0.050000000000000044,-0.005193934824495261,0.055193934824495305,profit_target,short
NVDA,2025-02-26,-1,0.5,-0.6925905387878948,multiday,5,0.1,0.1,2025-02-27 09:30:00,2025-02-27 14:30:00,135.0,121.5,0.09999999999999998,-0.01256597134958537,0.11256597134958535,profit_target,short
NVDA,2025-02-26,-1,0.5,-0.6925905387878948,multiday,5,0.1,0.2,2025-02-27 09:30:00,2025-03-03 15:20:00,135.0,108.0,0.19999999999999996,-0.021915054033676884,0.22191505403367684,profit_target,short
NVDA,2025-02-26,-1,0.5,-0.6925905387878948,multiday,5,0.2,,2025-02-27 09:30:00,2025-03-05 16:00:00,135.0,117.12,0.13244444444444436,-0.02310463265477103,0.1555490770992154,time_exit,short
NVDA,2025-02-26,-1,0.5,-0.6925905387878948,multiday,5,0.2,0.01,2025-02-27 09:30:00,2025-02-27 09:30:00,135.0,133.65,0.010000000000000009,0.00040211108318666255,0.009597888916813346,profit_target,short
NVDA,2025-02-26,-1,0.5,-0.6925905387878948,multiday,5,0.2,0.03,2025-02-27 09:30:00,2025-02-27 09:35:00,135.0,130.95,0.030000000000000138,0.0005864119963139292,0.02941358800368621,profit_target,short
NVDA,2025-02-26,-1,0.5,-0.6925905387878948,multiday,5,0.2,0.05,2025-02-27 09:30:00,2025-02-27 09:50:00,135.0,128.25,0.050000000000000044,-0.005193934824495261,0.055193934824495305,profit_target,short
NVDA,2025-02-26,-1,0.5,-0.6925905387878948,multiday,5,0.2,0.1,2025-02-27 09:30:00,2025-02-27 14:30:00,135.0,121.5,0.09999999999999998,-0.01256597134958537,0.11256597134958535,profit_target,short
NVDA,2025-02-26,-1,0.5,-0.6925905387878948,multiday,5,0.2,0.2,2025-02-27 09:30:00,2025-03-03 15:20:00,135.0,108.0,0.19999999999999996,-0.021915054033676884,0.22191505403367684,profit_target,short
NVDA,2025-02-26,-1,0.5,-0.6925905387878948,multiday,10,,,2025-02-27 09:30:00,2025-03-12 16:00:00,135.0,115.7296,0.1427437037037037,-0.06363407891430006,0.20637778261800377,time_exit,short
NVDA,2025-02-26,-1,0.5,-0.6925905387878948,multiday,10,,0.01,2025-02-27 09:30:00,2025-02-27 09:30:00,135.0,133.65,0.010000000000000009,0.00040211108318666255,0.009597888916813346,profit_target,short
NVDA,2025-02-26,-1,0.5,-0.6925905387878948,multiday,10,,0.03,2025-02-27 09:30:00,2025-02-27 09:35:00,135.0,130.95,0.030000000000000138,0.0005864119963139292,0.02941358800368621,profit_target,short
NVDA,2025-02-26,-1,0.5,-0.6925905387878948,multiday,10,,0.05,2025-02-27 09:30:00,2025-02-27 09:50:00,135.0,128.25,0.050000000000000044,-0.005193934824495261,0.055193934824495305,profit_target,short
NVDA,2025-02-26,-1,0.5,-0.6925905387878948,multiday,10,,0.1,2025-02-27 09:30:00,2025-02-27 14:30:00,135.0,121.5,0.09999999999999998,-0.01256597134958537,0.11256597134958535,profit_target,short
NVDA,2025-02-26,-1,0.5,-0.6925905387878948,multiday,10,,0.2,2025-02-27 09:30:00,2025-03-03 15:20:00,135.0,108.0,0.19999999999999996,-0.021915054033676884,0.22191505403367684,profit_target,short
NVDA,2025-02-26,-1,0.5,-0.6925905387878948,multiday,10,0.01,,2025-02-27 09:30:00,2025-03-12 16:00:00,135.0,115.7296,0.1427437037037037,-0.06363407891430006,0.20637778261800377,time_exit,short
NVDA,2025-02-26,-1,0.5,-0.6925905387878948,multiday,10,0.01,0.01,2025-02-27 09:30:00,2025-02-27 09:30:00,135.0,133.65,0.010000000000000009,0.00040211108318666255,0.009597888916813346,profit_target,short
NVDA,2025-02-26,-1,0.5,-0.6925905387878948,multiday,10,0.01,0.03,2025-02-27 09:30:00,2025-02-27 09:35:00,135.0,130.95,0.030000000000000138,0.0005864119963139292,0.02941358800368621,profit_target,short
NVDA,2025-02-26,-1,0.5,-0.6925905387878948,multiday,10,0.01,0.05,2025-02-27 09:30:00,2025-02-27 09:50:00,135.0,128.25,0.050000000000000044,-0.005193934824495261,0.055193934824495305,profit_target,short
NVDA,2025-02-26,-1,0.5,-0.6925905387878948,multiday,10,0.01,0.1,2025-02-27 09:30:00,2025-02-27 14:30:00,135.0,121.5,0.09999999999999998,-0.01256597134958537,0.11256597134958535,profit_target,short
NVDA,2025-02-26,-1,0.5,-0.6925905387878948,multiday,10,0.01,0.2,2025-02-27 09:30:00,2025-03-03 15:20:00,135.0,108.0,0.19999999999999996,-0.021915054033676884,0.22191505403367684,profit_target,short
NVDA,2025-02-26,-1,0.5,-0.6925905387878948,multiday,10,0.03,,2025-02-27 09:30:00,2025-03-12 16:00:00,135.0,115.7296,0.1427437037037037,-0.06363407891430006,0.20637778261800377,time_exit,short
NVDA,2025-02-26,-1,0.5,-0.6925905387878948,multiday,10,0.03,0.01,2025-02-27 09:30:00,2025-02-27 09:30:00,135.0,133.65,0.010000000000000009,0.00040211108318666255,0.009597888916813346,profit_target,short
NVDA,2025-02-26,-1,0.5,-0.6925905387878948,multiday,10,0.03,0.03,2025-02-27 09:30:00,2025-02-27 09:35:00,135.0,130.95,0.030000000000000138,0.0005864119963139292,0.02941358800368621,profit_target,short
NVDA,2025-02-26,-1,0.5,-0.6925905387878948,multiday,10,0.03,0.05,2025-02-27 09:30:00,2025-02-27 09:50:00,135.0,128.25,0.050000000000000044,-0.005193934824495261,0.055193934824495305,profit_target,short
NVDA,2025-02-26,-1,0.5,-0.6925905387878948,multiday,10,0.03,0.1,2025-02-27 09:30:00,2025-02-27 14:30:00,135.0,121.5,0.09999999999999998,-0.01256597134958537,0.11256597134958535,profit_target,short
NVDA,2025-02-26,-1,0.5,-0.6925905387878948,multiday,10,0.03,0.2,2025-02-27 09:30:00,2025-03-03 15:20:00,135.0,108.0,0.19999999999999996,-0.021915054033676884,0.22191505403367684,profit_target,short
NVDA,2025-02-26,-1,0.5,-0.6925905387878948,multiday,10,0.05,,2025-02-27 09:30:00,2025-03-12 16:00:00,135.0,115.7296,0.1427437037037037,-0.06363407891430006,0.20637778261800377,time_exit,short
NVDA,2025-02-26,-1,0.5,-0.6925905387878948,multiday,10,0.05,0.01,2025-02-27 09:30:00,2025-02-27 09:30:00,135.0,133.65,0.010000000000000009,0.00040211108318666255,0.009597888916813346,profit_target,short
NVDA,2025-02-26,-1,0.5,-0.6925905387878948,multiday,10,0.05,0.03,2025-02-27 09:30:00,2025-02-27 09:35:00,135.0,130.95,0.030000000000000138,0.0005864119963139292,0.02941358800368621,profit_target,short
NVDA,2025-02-26,-1,0.5,-0.6925905387878948,multiday,10,0.05,0.05,2025-02-27 09:30:00,2025-02-27 09:50:00,135.0,128.25,0.050000000000000044,-0.005193934824495261,0.055193934824495305,profit_target,short
NVDA,2025-02-26,-1,0.5,-0.6925905387878948,multiday,10,0.05,0.1,2025-02-27 09:30:00,2025-02-27 14:30:00,135.0,121.5,0.09999999999999998,-0.01256597134958537,0.11256597134958535,profit_target,short
NVDA,2025-02-26,-1,0.5,-0.6925905387878948,multiday,10,0.05,0.2,2025-02-27 09:30:00,2025-03-03 15:20:00,135.0,108.0,0.19999999999999996,-0.021915054033676884,0.22191505403367684,profit_target,short
NVDA,2025-02-26,-1,0.5,-0.6925905387878948,multiday,10,0.1,,2025-02-27 09:30:00,2025-03-12 16:00:00,135.0,115.7296,0.1427437037037037,-0.06363407891430006,0.20637778261800377,time_exit,short
NVDA,2025-02-26,-1,0.5,-0.6925905387878948,multiday,10,0.1,0.01,2025-02-27 09:30:00,2025-02-27 09:30:00,135.0,133.65,0.010000000000000009,0.00040211108318666255,0.009597888916813346,profit_target,short
NVDA,2025-02-26,-1,0.5,-0.6925905387878948,multiday,10,0.1,0.03,2025-02-27 09:30:00,2025-02-27 09:35:00,135.0,130.95,0.030000000000000138,0.0005864119963139292,0.02941358800368621,profit_target,short
NVDA,2025-02-26,-1,0.5,-0.6925905387878948,multiday,10,0.1,0.05,2025-02-27 09:30:00,2025-02-27 09:50:00,135.0,128.25,0.050000000000000044,-0.005193934824495261,0.055193934824495305,profit_target,short
NVDA,2025-02-26,-1,0.5,-0.6925905387878948,multiday,10,0.1,0.1,2025-02-27 09:30:00,2025-02-27 14:30:00,135.0,121.5,0.09999999999999998,-0.01256597134958537,0.11256597134958535,profit_target,short
NVDA,2025-02-26,-1,0.5,-0.6925905387878948,multiday,10,0.1,0.2,2025-02-27 09:30:00,2025-03-03 15:20:00,135.0,108.0,0.19999999999999996,-0.021915054033676884,0.22191505403367684,profit_target,short
NVDA,2025-02-26,-1,0.5,-0.6925905387878948,multiday,10,0.2,,2025-02-27 09:30:00,2025-03-12 16:00:00,135.0,115.7296,0.1427437037037037,-0.06363407891430006,0.20637778261800377,time_exit,short
NVDA,2025-02-26,-1,0.5,-0.6925905387878948,multiday,10,0.2,0.01,2025-02-27 09:30:00,2025-02-27 09:30:00,135.0,133.65,0.010000000000000009,0.00040211108318666255,0.009597888916813346,profit_target,short
NVDA,2025-02-26,-1,0.5,-0.6925905387878948,multiday,10,0.2,0.03,2025-02-27 09:30:00,2025-02-27 09:35:00,135.0,130.95,0.030000000000000138,0.0005864119963139292,0.02941358800368621,profit_target,short
NVDA,2025-02-26,-1,0.5,-0.6925905387878948,multiday,10,0.2,0.05,2025-02-27 09:30:00,2025-02-27 09:50:00,135.0,128.25,0.050000000000000044,-0.005193934824495261,0.055193934824495305,profit_target,short
NVDA,2025-02-26,-1,0.5,-0.6925905387878948,multiday,10,0.2,0.1,2025-02-27 09:30:00,2025-02-27 14:30:00,135.0,121.5,0.09999999999999998,-0.01256597134958537,0.11256597134958535,profit_target,short
NVDA,2025-02-26,-1,0.5,-0.6925905387878948,multiday,10,0.2,0.2,2025-02-27 09:30:00,2025-03-03 15:20:00,135.0,108.0,0.19999999999999996,-0.021915054033676884,0.22191505403367684,profit_target,short
